This is pdfTeX, Version 3.141592653-2.6-1.40.27 (TeX Live 2025) (preloaded format=pdflatex 2025.3.8)  14 NOV 2025 13:59
entering extended mode
 restricted \write18 enabled.
 %&-line parsing enabled.
**ANA-EXOT-2021-37-INT1.tex
(./ANA-EXOT-2021-37-INT1.tex
LaTeX2e <2024-11-01> patch level 2
L3 programming layer <2025-01-18>
(./latex/atlaslatexpath.sty
Package: latex/atlaslatexpath 2021/10/13 v11.7.2 ATLAS LaTeX path
) (./latex/atlasdoc.cls
Document Class: latex/atlasdoc 2021/10/13 v11.7.2 ATLAS document class
(/usr/local/texlive/2025/texmf-dist/tex/latex/base/ifthen.sty
Package: ifthen 2024/03/16 v1.1e Standard LaTeX ifthen package (DPC)
)
(/usr/local/texlive/2025/texmf-dist/tex/latex/l3packages/xparse/xparse.sty
(/usr/local/texlive/2025/texmf-dist/tex/latex/l3kernel/expl3.sty
Package: expl3 2025-01-18 L3 programming layer (loader) 

(/usr/local/texlive/2025/texmf-dist/tex/latex/l3backend/l3backend-pdftex.def
File: l3backend-pdftex.def 2024-05-08 L3 backend support: PDF output (pdfTeX)
\l__color_backend_stack_int=\count196
\l__pdf_internal_box=\box52
))
Package: xparse 2024-08-16 L3 Experimental document command parser
) (/usr/local/texlive/2025/texmf-dist/tex/latex/kvoptions/kvoptions.sty
Package: kvoptions 2022-06-15 v3.15 Key value format for package options (HO)

(/usr/local/texlive/2025/texmf-dist/tex/latex/graphics/keyval.sty
Package: keyval 2022/05/29 v1.15 key=value parser (DPC)
\KV@toks@=\toks17
)
(/usr/local/texlive/2025/texmf-dist/tex/generic/ltxcmds/ltxcmds.sty
Package: ltxcmds 2023-12-04 v1.26 LaTeX kernel commands for general use (HO)
)
(/usr/local/texlive/2025/texmf-dist/tex/latex/kvsetkeys/kvsetkeys.sty
Package: kvsetkeys 2022-10-05 v1.19 Key value parser (HO)
))
atlasdoc: ATLAS Note
atlasdoc: use KOMA-Script scrartcl class
(/usr/local/texlive/2025/texmf-dist/tex/latex/koma-script/scrartcl.cls
Document Class: scrartcl 2024/10/24 v3.43 KOMA-Script document class (article)
(/usr/local/texlive/2025/texmf-dist/tex/latex/koma-script/scrkbase.sty
Package: scrkbase 2024/10/24 v3.43 KOMA-Script package (KOMA-Script-dependent b
asics and keyval usage)

(/usr/local/texlive/2025/texmf-dist/tex/latex/koma-script/scrbase.sty
Package: scrbase 2024/10/24 v3.43 KOMA-Script package (KOMA-Script-independent 
basics and keyval usage)

(/usr/local/texlive/2025/texmf-dist/tex/latex/koma-script/scrlfile.sty
Package: scrlfile 2024/10/24 v3.43 KOMA-Script package (file load hooks)

(/usr/local/texlive/2025/texmf-dist/tex/latex/koma-script/scrlfile-hook.sty
Package: scrlfile-hook 2024/10/24 v3.43 KOMA-Script package (using LaTeX hooks)


(/usr/local/texlive/2025/texmf-dist/tex/latex/koma-script/scrlogo.sty
Package: scrlogo 2024/10/24 v3.43 KOMA-Script package (logo)
)))
Applying: [2021/05/01] Usage of raw or classic option list on input line 254.
Already applied: [0000/00/00] Usage of raw or classic option list on input line
 370.
))
(/usr/local/texlive/2025/texmf-dist/tex/latex/koma-script/tocbasic.sty
Package: tocbasic 2024/10/24 v3.43 KOMA-Script package (handling toc-files)
\scr@dte@tocline@numberwidth=\skip49
\scr@dte@tocline@numbox=\box53
)
Package tocbasic Info: omitting babel extension for `toc'
(tocbasic)             because of feature `nobabel' available
(tocbasic)             for `toc' on input line 135.
Package scrartcl Info: You've used standard option `11pt'.
(scrartcl)             This is correct!
(scrartcl)             Internally I'm using `fontsize=11pt'.
(scrartcl)             If you'd like to set the option with \KOMAoptions,
(scrartcl)             you'd have to use `fontsize=11pt' there
(scrartcl)             instead of `11pt', too.
Class scrartcl Info: File `scrsize11pt.clo' used to setup font sizes on input l
ine 2466.

(/usr/local/texlive/2025/texmf-dist/tex/latex/koma-script/scrsize11pt.clo
File: scrsize11pt.clo 2024/10/24 v3.43 KOMA-Script font size class option (11pt
)
)
(/usr/local/texlive/2025/texmf-dist/tex/latex/koma-script/typearea.sty
Package: typearea 2024/10/24 v3.43 KOMA-Script package (type area)
\ta@bcor=\skip50
\ta@div=\count197
\ta@hblk=\skip51
\ta@vblk=\skip52
\ta@temp=\skip53
\footheight=\skip54
Package typearea Info: These are the values describing the layout:
(typearea)             DIV  = 10
(typearea)             BCOR = 0.0pt
(typearea)             \paperwidth      = 597.50793pt
(typearea)              \textwidth      = 418.25555pt
(typearea)              DIV departure   = -6%
(typearea)              \evensidemargin = 17.3562pt
(typearea)              \oddsidemargin  = 17.3562pt
(typearea)             \paperheight     = 845.04694pt
(typearea)              \textheight     = 595.80026pt
(typearea)              \topmargin      = -25.16531pt
(typearea)              \headheight     = 17.0pt
(typearea)              \headsep        = 20.40001pt
(typearea)              \topskip        = 11.0pt
(typearea)              \footskip       = 47.6pt
(typearea)              \baselineskip   = 13.6pt
(typearea)              on input line 1802.
)
\c@part=\count198
\c@section=\count199
\c@subsection=\count266
\c@subsubsection=\count267
\c@paragraph=\count268
\c@subparagraph=\count269
\scr@dte@section@maxnumwidth=\skip55
Class scrartcl Info: using compatibility default `runin=bysign'
(scrartcl)           for `\section on input line 5107.
Class scrartcl Info: using compatibility default `afterindent=bysign'
(scrartcl)           for `\section on input line 5107.
\scr@dte@part@maxnumwidth=\skip56
Class scrartcl Info: using compatibility default `afterindent=false'
(scrartcl)           for `\part on input line 5115.
\scr@dte@subsection@maxnumwidth=\skip57
Class scrartcl Info: using compatibility default `runin=bysign'
(scrartcl)           for `\subsection on input line 5125.
Class scrartcl Info: using compatibility default `afterindent=bysign'
(scrartcl)           for `\subsection on input line 5125.
\scr@dte@subsubsection@maxnumwidth=\skip58
Class scrartcl Info: using compatibility default `runin=bysign'
(scrartcl)           for `\subsubsection on input line 5135.
Class scrartcl Info: using compatibility default `afterindent=bysign'
(scrartcl)           for `\subsubsection on input line 5135.
\scr@dte@paragraph@maxnumwidth=\skip59
Class scrartcl Info: using compatibility default `runin=bysign'
(scrartcl)           for `\paragraph on input line 5146.
Class scrartcl Info: using compatibility default `afterindent=bysign'
(scrartcl)           for `\paragraph on input line 5146.
\scr@dte@subparagraph@maxnumwidth=\skip60
Class scrartcl Info: using compatibility default `runin=bysign'
(scrartcl)           for `\subparagraph on input line 5156.
Class scrartcl Info: using compatibility default `afterindent=bysign'
(scrartcl)           for `\subparagraph on input line 5156.
\abovecaptionskip=\skip61
\belowcaptionskip=\skip62
\c@pti@nb@sid@b@x=\box54
Package tocbasic Info: omitting babel extension for `lof'
(tocbasic)             because of feature `nobabel' available
(tocbasic)             for `lof' on input line 6337.
\scr@dte@figure@maxnumwidth=\skip63
\c@figure=\count270
Package tocbasic Info: omitting babel extension for `lot'
(tocbasic)             because of feature `nobabel' available
(tocbasic)             for `lot' on input line 6353.
\scr@dte@table@maxnumwidth=\skip64
\c@table=\count271
Class scrartcl Info: Redefining `\numberline' on input line 6523.
\bibindent=\dimen141
)
atlasdoc: paper size is a4
(/usr/local/texlive/2025/texmf-dist/tex/latex/graphics/graphicx.sty
Package: graphicx 2021/09/16 v1.2d Enhanced LaTeX Graphics (DPC,SPQR)

(/usr/local/texlive/2025/texmf-dist/tex/latex/graphics/graphics.sty
Package: graphics 2024/08/06 v1.4g Standard LaTeX Graphics (DPC,SPQR)

(/usr/local/texlive/2025/texmf-dist/tex/latex/graphics/trig.sty
Package: trig 2023/12/02 v1.11 sin cos tan (DPC)
)
(/usr/local/texlive/2025/texmf-dist/tex/latex/graphics-cfg/graphics.cfg
File: graphics.cfg 2016/06/04 v1.11 sample graphics configuration
)
Package graphics Info: Driver file: pdftex.def on input line 106.

(/usr/local/texlive/2025/texmf-dist/tex/latex/graphics-def/pdftex.def
File: pdftex.def 2024/04/13 v1.2c Graphics/color driver for pdftex
))
\Gin@req@height=\dimen142
\Gin@req@width=\dimen143
)
(/usr/local/texlive/2025/texmf-dist/tex/latex/xcolor/xcolor.sty
Package: xcolor 2024/09/29 v3.02 LaTeX color extensions (UK)

(/usr/local/texlive/2025/texmf-dist/tex/latex/graphics-cfg/color.cfg
File: color.cfg 2016/01/02 v1.6 sample color configuration
)
Package xcolor Info: Driver file: pdftex.def on input line 274.

(/usr/local/texlive/2025/texmf-dist/tex/latex/graphics/mathcolor.ltx)
Package xcolor Info: Model `cmy' substituted by `cmy0' on input line 1349.
Package xcolor Info: Model `hsb' substituted by `rgb' on input line 1353.
Package xcolor Info: Model `RGB' extended on input line 1365.
Package xcolor Info: Model `HTML' substituted by `rgb' on input line 1367.
Package xcolor Info: Model `Hsb' substituted by `hsb' on input line 1368.
Package xcolor Info: Model `tHsb' substituted by `hsb' on input line 1369.
Package xcolor Info: Model `HSB' substituted by `hsb' on input line 1370.
Package xcolor Info: Model `Gray' substituted by `gray' on input line 1371.
Package xcolor Info: Model `wave' substituted by `hsb' on input line 1372.
)
(/usr/local/texlive/2025/texmf-dist/tex/latex/xcolor/svgnam.def
File: svgnam.def 2024/09/29 v3.02 Predefined colors according to SVG 1.1 (UK)
)
(/usr/local/texlive/2025/texmf-dist/tex/generic/babel/babel.sty
Package: babel 2025/02/14 v25.4 The multilingual framework for pdfLaTeX, LuaLaT
eX and XeLaTeX
\babel@savecnt=\count272
\U@D=\dimen144
\l@unhyphenated=\language90

(/usr/local/texlive/2025/texmf-dist/tex/generic/babel/txtbabel.def)
\bbl@readstream=\read2
\bbl@dirlevel=\count273

(/usr/local/texlive/2025/texmf-dist/tex/generic/babel-english/UKenglish.ldf
Language: UKenglish 2017/06/06 v3.3r English support from the babel system

(/usr/local/texlive/2025/texmf-dist/tex/generic/babel-english/english.ldf
Language: english 2017/06/06 v3.3r English support from the babel system
Package babel Info: Hyphen rules for 'canadian' set to \l@english
(babel)             (\language0). Reported on input line 102.
Package babel Info: Hyphen rules for 'australian' set to \l@ukenglish
(babel)             (\language22). Reported on input line 105.
Package babel Info: Hyphen rules for 'newzealand' set to \l@ukenglish
(babel)             (\language22). Reported on input line 108.
)))
(/usr/local/texlive/2025/texmf-dist/tex/generic/babel/locale/en/babel-ukenglish
.tex
Package babel Info: Importing font and identification data for UKenglish
(babel)             from babel-en-GB.ini. Reported on input line 11.
)

Package typearea Warning: Bad type area settings!
(typearea)                The detected line width is about 20%
(typearea)                larger than the heuristically estimated maximum
(typearea)                limit of typographical good line width.
(typearea)                You should e.g. decrease DIV, increase fontsize
(typearea)                or change papersize.

Package typearea Info: These are the values describing the layout:
(typearea)             DIV  = 14
(typearea)             BCOR = 0.0pt
(typearea)             \paperwidth      = 597.50793pt
(typearea)              \textwidth      = 469.47052pt
(typearea)              DIV departure   = -20%
(typearea)              \evensidemargin = -8.25128pt
(typearea)              \oddsidemargin  = -8.25128pt
(typearea)             \paperheight     = 845.04694pt
(typearea)              \textheight     = 636.60028pt
(typearea)              \topmargin      = -11.9095pt
(typearea)              \headheight     = 17.0pt
(typearea)              \headsep        = 20.40001pt
(typearea)              \topskip        = 11.0pt
(typearea)              \footskip       = 47.6pt
(typearea)              \baselineskip   = 13.6pt
(typearea)              on input line 374.

Package typearea Warning: Bad type area settings!
(typearea)                The detected line width is about 17%
(typearea)                larger than the heuristically estimated maximum
(typearea)                limit of typographical good line width.
(typearea)                You should e.g. decrease DIV, increase fontsize
(typearea)                or change papersize.

Package typearea Info: These are the values describing the layout:
(typearea)             DIV  = 14
(typearea)             BCOR = 14.22636pt
(typearea)             \paperwidth      = 597.50793pt
(typearea)              \textwidth      = 458.29268pt
(typearea)              DIV departure   = -17%
(typearea)              \evensidemargin = 4.45082pt
(typearea)              \oddsidemargin  = 4.45082pt
(typearea)             \paperheight     = 845.04694pt
(typearea)              \textheight     = 636.60028pt
(typearea)              \topmargin      = -11.9095pt
(typearea)              \headheight     = 17.0pt
(typearea)              \headsep        = 20.40001pt
(typearea)              \topskip        = 11.0pt
(typearea)              \footskip       = 47.6pt
(typearea)              \baselineskip   = 13.6pt
(typearea)              on input line 374.
Package scrkbase Info: You've told me to redefine the font selection of the
(scrkbase)             element `pagehead' that is an alias of element
(scrkbase)             `pageheadfoot' on input line 410.
(/usr/local/texlive/2025/texmf-dist/tex/latex/hyperref/hyperref.sty
Package: hyperref 2024-11-05 v7.01l Hypertext links for LaTeX

(/usr/local/texlive/2025/texmf-dist/tex/generic/iftex/iftex.sty
Package: iftex 2024/12/12 v1.0g TeX engine tests
)
(/usr/local/texlive/2025/texmf-dist/tex/generic/kvdefinekeys/kvdefinekeys.sty
Package: kvdefinekeys 2019-12-19 v1.6 Define keys (HO)
)
(/usr/local/texlive/2025/texmf-dist/tex/generic/pdfescape/pdfescape.sty
Package: pdfescape 2019/12/09 v1.15 Implements pdfTeX's escape features (HO)

(/usr/local/texlive/2025/texmf-dist/tex/generic/pdftexcmds/pdftexcmds.sty
Package: pdftexcmds 2020-06-27 v0.33 Utility functions of pdfTeX for LuaTeX (HO
)

(/usr/local/texlive/2025/texmf-dist/tex/generic/infwarerr/infwarerr.sty
Package: infwarerr 2019/12/03 v1.5 Providing info/warning/error messages (HO)
)
Package pdftexcmds Info: \pdf@primitive is available.
Package pdftexcmds Info: \pdf@ifprimitive is available.
Package pdftexcmds Info: \pdfdraftmode found.
))
(/usr/local/texlive/2025/texmf-dist/tex/latex/hycolor/hycolor.sty
Package: hycolor 2020-01-27 v1.10 Color options for hyperref/bookmark (HO)
)
(/usr/local/texlive/2025/texmf-dist/tex/latex/hyperref/nameref.sty
Package: nameref 2023-11-26 v2.56 Cross-referencing by name of section

(/usr/local/texlive/2025/texmf-dist/tex/latex/refcount/refcount.sty
Package: refcount 2019/12/15 v3.6 Data extraction from label references (HO)
)
(/usr/local/texlive/2025/texmf-dist/tex/generic/gettitlestring/gettitlestring.s
ty
Package: gettitlestring 2019/12/15 v1.6 Cleanup title references (HO)
)
\c@section@level=\count274
) (/usr/local/texlive/2025/texmf-dist/tex/latex/etoolbox/etoolbox.sty
Package: etoolbox 2025/02/11 v2.5l e-TeX tools for LaTeX (JAW)
\etb@tempcnta=\count275
)
(/usr/local/texlive/2025/texmf-dist/tex/generic/stringenc/stringenc.sty
Package: stringenc 2019/11/29 v1.12 Convert strings between diff. encodings (HO
)
)
\@linkdim=\dimen145
\Hy@linkcounter=\count276
\Hy@pagecounter=\count277

(/usr/local/texlive/2025/texmf-dist/tex/latex/hyperref/pd1enc.def
File: pd1enc.def 2024-11-05 v7.01l Hyperref: PDFDocEncoding definition (HO)
Now handling font encoding PD1 ...
... no UTF-8 mapping file for font encoding PD1
)
(/usr/local/texlive/2025/texmf-dist/tex/generic/intcalc/intcalc.sty
Package: intcalc 2019/12/15 v1.3 Expandable calculations with integers (HO)
)
\Hy@SavedSpaceFactor=\count278

(/usr/local/texlive/2025/texmf-dist/tex/latex/hyperref/puenc.def
File: puenc.def 2024-11-05 v7.01l Hyperref: PDF Unicode definition (HO)
Now handling font encoding PU ...
... no UTF-8 mapping file for font encoding PU
)
Package hyperref Info: Hyper figures OFF on input line 4157.
Package hyperref Info: Link nesting OFF on input line 4162.
Package hyperref Info: Hyper index ON on input line 4165.
Package hyperref Info: Plain pages OFF on input line 4172.
Package hyperref Info: Backreferencing OFF on input line 4177.
Package hyperref Info: Implicit mode ON; LaTeX internals redefined.
Package hyperref Info: Bookmarks ON on input line 4424.
\c@Hy@tempcnt=\count279

(/usr/local/texlive/2025/texmf-dist/tex/latex/url/url.sty
\Urlmuskip=\muskip17
Package: url 2013/09/16  ver 3.4  Verb mode for urls, etc.
)
LaTeX Info: Redefining \url on input line 4763.
\XeTeXLinkMargin=\dimen146

(/usr/local/texlive/2025/texmf-dist/tex/generic/bitset/bitset.sty
Package: bitset 2019/12/09 v1.3 Handle bit-vector datatype (HO)

(/usr/local/texlive/2025/texmf-dist/tex/generic/bigintcalc/bigintcalc.sty
Package: bigintcalc 2019/12/15 v1.5 Expandable calculations on big integers (HO
)
))
\Fld@menulength=\count280
\Field@Width=\dimen147
\Fld@charsize=\dimen148
Package hyperref Info: Hyper figures OFF on input line 6042.
Package hyperref Info: Link nesting OFF on input line 6047.
Package hyperref Info: Hyper index ON on input line 6050.
Package hyperref Info: backreferencing OFF on input line 6057.
Package hyperref Info: Link coloring OFF on input line 6062.
Package hyperref Info: Link coloring with OCG OFF on input line 6067.
Package hyperref Info: PDF/A mode OFF on input line 6072.

(/usr/local/texlive/2025/texmf-dist/tex/latex/base/atbegshi-ltx.sty
Package: atbegshi-ltx 2021/01/10 v1.0c Emulation of the original atbegshi
package with kernel methods
)
\Hy@abspage=\count281
\c@Item=\count282
\c@Hfootnote=\count283
)
Package hyperref Info: Driver (autodetected): hpdftex.

(/usr/local/texlive/2025/texmf-dist/tex/latex/hyperref/hpdftex.def
File: hpdftex.def 2024-11-05 v7.01l Hyperref driver for pdfTeX

(/usr/local/texlive/2025/texmf-dist/tex/latex/base/atveryend-ltx.sty
Package: atveryend-ltx 2020/08/19 v1.0a Emulation of the original atveryend pac
kage
with kernel methods
)
\Fld@listcount=\count284
\c@bookmark@seq@number=\count285

(/usr/local/texlive/2025/texmf-dist/tex/latex/rerunfilecheck/rerunfilecheck.sty
Package: rerunfilecheck 2022-07-10 v1.10 Rerun checks for auxiliary files (HO)

(/usr/local/texlive/2025/texmf-dist/tex/generic/uniquecounter/uniquecounter.sty
Package: uniquecounter 2019/12/15 v1.4 Provide unlimited unique counter (HO)
)
Package uniquecounter Info: New unique counter `rerunfilecheck' on input line 2
85.
)
\Hy@SectionHShift=\skip65
)
atlasdoc: using newtx fonts package
(/usr/local/texlive/2025/texmf-dist/tex/latex/newtx/newtxtext.sty
Package: newtxtext 2024/04/01 v1.744(Michael Sharpe) latex and unicode latex su
pport for TeXGyreTermesX

`newtxtext' v1.744, 2024/04/01 Text macros taking advantage of TeXGyre Termes a
nd its extensions (msharpe)
(/usr/local/texlive/2025/texmf-dist/tex/latex/xpatch/xpatch.sty
Package: xpatch 2020/03/25 v0.3a Extending etoolbox patching commands
)
(/usr/local/texlive/2025/texmf-dist/tex/latex/xkeyval/xkeyval.sty
Package: xkeyval 2022/06/16 v2.9 package option processing (HA)

(/usr/local/texlive/2025/texmf-dist/tex/generic/xkeyval/xkeyval.tex
(/usr/local/texlive/2025/texmf-dist/tex/generic/xkeyval/xkvutils.tex
\XKV@toks=\toks18
\XKV@tempa@toks=\toks19
)
\XKV@depth=\count286
File: xkeyval.tex 2014/12/03 v2.7a key=value parser (HA)
))
(/usr/local/texlive/2025/texmf-dist/tex/latex/base/textcomp.sty
Package: textcomp 2024/04/24 v2.1b Standard LaTeX package
)
(/usr/local/texlive/2025/texmf-dist/tex/generic/xstring/xstring.sty
(/usr/local/texlive/2025/texmf-dist/tex/generic/xstring/xstring.tex
\xs_counta=\count287
\xs_countb=\count288
)
Package: xstring 2023/08/22 v1.86 String manipulations (CT)
)
(/usr/local/texlive/2025/texmf-dist/tex/latex/carlisle/scalefnt.sty)
LaTeX Font Info:    Setting ntxLF sub-encoding to TS1/0 on input line 24.
LaTeX Font Info:    Setting ntxTLF sub-encoding to TS1/0 on input line 24.
LaTeX Font Info:    Setting ntxOsF sub-encoding to TS1/0 on input line 24.
LaTeX Font Info:    Setting ntxTOsF sub-encoding to TS1/0 on input line 24.

(/usr/local/texlive/2025/texmf-dist/tex/generic/kastrup/binhex.tex)
\ntx@tmpcnta=\count289
\ntx@cnt=\count290

(/usr/local/texlive/2025/texmf-dist/tex/latex/fontaxes/fontaxes.sty
Package: fontaxes 2020/07/21 v1.0e Font selection axes
LaTeX Info: Redefining \upshape on input line 29.
LaTeX Info: Redefining \itshape on input line 31.
LaTeX Info: Redefining \slshape on input line 33.
LaTeX Info: Redefining \swshape on input line 35.
LaTeX Info: Redefining \scshape on input line 37.
LaTeX Info: Redefining \sscshape on input line 39.
LaTeX Info: Redefining \ulcshape on input line 41.
LaTeX Info: Redefining \textsw on input line 47.
LaTeX Info: Redefining \textssc on input line 48.
LaTeX Info: Redefining \textulc on input line 49.
)
\tx@sixem=\dimen149
\tx@y=\dimen150
\tx@x=\dimen151
\tx@tmpdima=\dimen152
\tx@tmpdimb=\dimen153
\tx@tmpdimc=\dimen154
\tx@tmpdimd=\dimen155
\tx@tmpdime=\dimen156
\tx@tmpdimf=\dimen157
\tx@dimA=\dimen158
\tx@dimAA=\dimen159
\tx@dimB=\dimen160
\tx@dimBB=\dimen161
\tx@dimC=\dimen162
LaTeX Info: Redefining \oldstylenums on input line 902.
)
(/usr/local/texlive/2025/texmf-dist/tex/latex/newtx/newtxmath.sty
Package: newtxmath 2024/09/22 v1.754

`newtxmath' v1.754, 2024/09/22 Math macros based originally on txfonts (msharpe
) (/usr/local/texlive/2025/texmf-dist/tex/latex/amsmath/amsmath.sty
Package: amsmath 2024/11/05 v2.17t AMS math features
\@mathmargin=\skip66

For additional information on amsmath, use the `?' option.
(/usr/local/texlive/2025/texmf-dist/tex/latex/amsmath/amstext.sty
Package: amstext 2021/08/26 v2.01 AMS text

(/usr/local/texlive/2025/texmf-dist/tex/latex/amsmath/amsgen.sty
File: amsgen.sty 1999/11/30 v2.0 generic functions
\@emptytoks=\toks20
\ex@=\dimen163
))
(/usr/local/texlive/2025/texmf-dist/tex/latex/amsmath/amsbsy.sty
Package: amsbsy 1999/11/29 v1.2d Bold Symbols
\pmbraise@=\dimen164
)
(/usr/local/texlive/2025/texmf-dist/tex/latex/amsmath/amsopn.sty
Package: amsopn 2022/04/08 v2.04 operator names
)
\inf@bad=\count291
LaTeX Info: Redefining \frac on input line 233.
\uproot@=\count292
\leftroot@=\count293
LaTeX Info: Redefining \overline on input line 398.
LaTeX Info: Redefining \colon on input line 409.
\classnum@=\count294
\DOTSCASE@=\count295
LaTeX Info: Redefining \ldots on input line 495.
LaTeX Info: Redefining \dots on input line 498.
LaTeX Info: Redefining \cdots on input line 619.
\Mathstrutbox@=\box55
\strutbox@=\box56
LaTeX Info: Redefining \big on input line 721.
LaTeX Info: Redefining \Big on input line 722.
LaTeX Info: Redefining \bigg on input line 723.
LaTeX Info: Redefining \Bigg on input line 724.
\big@size=\dimen165
LaTeX Font Info:    Redeclaring font encoding OML on input line 742.
LaTeX Font Info:    Redeclaring font encoding OMS on input line 743.
\macc@depth=\count296
LaTeX Info: Redefining \bmod on input line 904.
LaTeX Info: Redefining \pmod on input line 909.
LaTeX Info: Redefining \smash on input line 939.
LaTeX Info: Redefining \relbar on input line 969.
LaTeX Info: Redefining \Relbar on input line 970.
\c@MaxMatrixCols=\count297
\dotsspace@=\muskip18
\c@parentequation=\count298
\dspbrk@lvl=\count299
\tag@help=\toks21
\row@=\count300
\column@=\count301
\maxfields@=\count302
\andhelp@=\toks22
\eqnshift@=\dimen166
\alignsep@=\dimen167
\tagshift@=\dimen168
\tagwidth@=\dimen169
\totwidth@=\dimen170
\lineht@=\dimen171
\@envbody=\toks23
\multlinegap=\skip67
\multlinetaggap=\skip68
\mathdisplay@stack=\toks24
LaTeX Info: Redefining \[ on input line 2953.
LaTeX Info: Redefining \] on input line 2954.
)
(/usr/local/texlive/2025/texmf-dist/tex/latex/oberdiek/centernot.sty
Package: centernot 2016/05/16 v1.4 Centers the not symbol horizontally (HO)
)
\tx@cntz=\count303

(/usr/local/texlive/2025/texmf-dist/tex/generic/kastrup/binhex.tex)
\tx@Isdigit=\count304
\tx@IsAlNum=\count305
\tx@tA=\toks25
\tx@tB=\toks26
\tx@su=\read3

amsthm NOT loaded
LaTeX Font Info:    Redeclaring symbol font `operators' on input line 402.
LaTeX Font Info:    Overwriting symbol font `operators' in version `normal'
(Font)                  OT1/cmr/m/n --> OT1/minntx/m/n on input line 402.
LaTeX Font Info:    Overwriting symbol font `operators' in version `bold'
(Font)                  OT1/cmr/bx/n --> OT1/minntx/m/n on input line 402.
LaTeX Font Info:    Overwriting symbol font `operators' in version `bold'
(Font)                  OT1/minntx/m/n --> OT1/minntx/b/n on input line 403.
LaTeX Font Info:    Redeclaring math alphabet \mathsf on input line 410.
LaTeX Font Info:    Overwriting math alphabet `\mathsf' in version `normal'
(Font)                  OT1/cmss/m/n --> OT1/qhv/m/n on input line 410.
LaTeX Font Info:    Overwriting math alphabet `\mathsf' in version `bold'
(Font)                  OT1/cmss/bx/n --> OT1/qhv/m/n on input line 410.
LaTeX Font Info:    Overwriting math alphabet `\mathsf' in version `bold'
(Font)                  OT1/qhv/m/n --> OT1/qhv/b/n on input line 412.
LaTeX Font Info:    Redeclaring math alphabet \mathit on input line 419.
LaTeX Font Info:    Overwriting math alphabet `\mathit' in version `normal'
(Font)                  OT1/cmr/m/it --> OT1/minntx/m/it on input line 419.
LaTeX Font Info:    Overwriting math alphabet `\mathit' in version `bold'
(Font)                  OT1/cmr/bx/it --> OT1/minntx/m/it on input line 419.
LaTeX Font Info:    Redeclaring math alphabet \mathtt on input line 420.
LaTeX Font Info:    Overwriting math alphabet `\mathtt' in version `normal'
(Font)                  OT1/cmtt/m/n --> OT1/ntxtt/m/n on input line 420.
LaTeX Font Info:    Overwriting math alphabet `\mathtt' in version `bold'
(Font)                  OT1/cmtt/m/n --> OT1/ntxtt/m/n on input line 420.
LaTeX Font Info:    Redeclaring math alphabet \mathbf on input line 422.
LaTeX Font Info:    Overwriting math alphabet `\mathbf' in version `normal'
(Font)                  OT1/cmr/bx/n --> OT1/minntx/b/n on input line 422.
LaTeX Font Info:    Overwriting math alphabet `\mathbf' in version `bold'
(Font)                  OT1/cmr/bx/n --> OT1/minntx/b/n on input line 422.
LaTeX Font Info:    Overwriting math alphabet `\mathit' in version `bold'
(Font)                  OT1/minntx/m/it --> OT1/minntx/b/it on input line 423.
LaTeX Font Info:    Overwriting math alphabet `\mathtt' in version `bold'
(Font)                  OT1/ntxtt/m/n --> OT1/ntxtt/b/n on input line 426.
LaTeX Font Info:    Redeclaring symbol font `letters' on input line 534.
LaTeX Font Info:    Overwriting symbol font `letters' in version `normal'
(Font)                  OML/cmm/m/it --> OML/ntxmi/m/it on input line 534.
LaTeX Font Info:    Overwriting symbol font `letters' in version `bold'
(Font)                  OML/cmm/b/it --> OML/ntxmi/m/it on input line 534.
LaTeX Font Info:    Overwriting symbol font `letters' in version `bold'
(Font)                  OML/ntxmi/m/it --> OML/ntxmi/b/it on input line 535.
\symlettersA=\mathgroup4
LaTeX Font Info:    Overwriting symbol font `lettersA' in version `bold'
(Font)                  U/ntxmia/m/it --> U/ntxmia/b/it on input line 582.
Now handling font encoding LMS ...
... no UTF-8 mapping file for font encoding LMS
LaTeX Font Info:    Redeclaring symbol font `symbols' on input line 604.
LaTeX Font Info:    Encoding `OMS' has changed to `LMS' for symbol font
(Font)              `symbols' in the math version `normal' on input line 604.
LaTeX Font Info:    Overwriting symbol font `symbols' in version `normal'
(Font)                  OMS/cmsy/m/n --> LMS/ntxsy/m/n on input line 604.
LaTeX Font Info:    Encoding `OMS' has changed to `LMS' for symbol font
(Font)              `symbols' in the math version `bold' on input line 604.
LaTeX Font Info:    Overwriting symbol font `symbols' in version `bold'
(Font)                  OMS/cmsy/b/n --> LMS/ntxsy/m/n on input line 604.
LaTeX Font Info:    Overwriting symbol font `symbols' in version `bold'
(Font)                  LMS/ntxsy/m/n --> LMS/ntxsy/b/n on input line 605.
\symAMSm=\mathgroup5
LaTeX Font Info:    Overwriting symbol font `AMSm' in version `bold'
(Font)                  U/ntxsym/m/n --> U/ntxsym/b/n on input line 630.
\symsymbolsC=\mathgroup6
LaTeX Font Info:    Overwriting symbol font `symbolsC' in version `bold'
(Font)                  U/ntxsyc/m/n --> U/ntxsyc/b/n on input line 651.
Now handling font encoding LMX ...
... no UTF-8 mapping file for font encoding LMX
LaTeX Font Info:    Redeclaring symbol font `largesymbols' on input line 664.
LaTeX Font Info:    Encoding `OMX' has changed to `LMX' for symbol font
(Font)              `largesymbols' in the math version `normal' on input line 6
64.
LaTeX Font Info:    Overwriting symbol font `largesymbols' in version `normal'
(Font)                  OMX/cmex/m/n --> LMX/ntxexx/m/n on input line 664.
LaTeX Font Info:    Encoding `OMX' has changed to `LMX' for symbol font
(Font)              `largesymbols' in the math version `bold' on input line 664
.
LaTeX Font Info:    Overwriting symbol font `largesymbols' in version `bold'
(Font)                  OMX/cmex/m/n --> LMX/ntxexx/m/n on input line 664.
LaTeX Font Info:    Overwriting symbol font `largesymbols' in version `bold'
(Font)                  LMX/ntxexx/m/n --> LMX/ntxexx/b/n on input line 665.
\symlargesymbolsTXA=\mathgroup7
LaTeX Font Info:    Overwriting symbol font `largesymbolsTXA' in version `bold'

(Font)                  U/ntxexa/m/n --> U/ntxexa/b/n on input line 679.
\tx@sbptoks=\toks27
LaTeX Font Info:    Redeclaring math delimiter \lfloor on input line 902.
LaTeX Font Info:    Redeclaring math delimiter \rfloor on input line 903.
LaTeX Font Info:    Redeclaring math delimiter \lceil on input line 904.
LaTeX Font Info:    Redeclaring math delimiter \rceil on input line 905.
LaTeX Font Info:    Redeclaring math delimiter \lbrace on input line 910.
LaTeX Font Info:    Redeclaring math delimiter \rbrace on input line 911.
LaTeX Font Info:    Redeclaring math delimiter \langle on input line 913.
LaTeX Font Info:    Redeclaring math delimiter \rangle on input line 915.
LaTeX Font Info:    Redeclaring math delimiter \arrowvert on input line 919.
LaTeX Font Info:    Redeclaring math delimiter \vert on input line 920.
LaTeX Font Info:    Redeclaring math symbol \hbar on input line 966.
LaTeX Font Info:    Redeclaring math accent \dot on input line 991.
LaTeX Font Info:    Redeclaring math accent \ddot on input line 992.
LaTeX Font Info:    Redeclaring math accent \vec on input line 2057.
LaTeX Info: Redefining \Bbbk on input line 2847.
LaTeX Info: Redefining \not on input line 2995.
)
LaTeX Font Info:    Trying to load font information for OT1+minntx on input lin
e 487.
 (/usr/local/texlive/2025/texmf-dist/tex/latex/newtx/ot1minntx.fd
File: ot1minntx.fd 2023/09/09 v1.1 font definition file for OT1/minntx
)
LaTeX Font Info:    Font shape `OT1/minntx/m/n' will be
(Font)              scaled to size 10.95pt on input line 487.


Package typearea Warning: Bad type area settings!
(typearea)                The detected line width is about 26%
(typearea)                larger than the heuristically estimated maximum
(typearea)                limit of typographical good line width.
(typearea)                You should e.g. decrease DIV, increase fontsize
(typearea)                or change papersize.

Package typearea Info: These are the values describing the layout:
(typearea)             DIV  = 14
(typearea)             BCOR = 14.22636pt
(typearea)             \paperwidth      = 597.50793pt
(typearea)              \textwidth      = 458.29268pt
(typearea)              DIV departure   = -26%
(typearea)              \evensidemargin = 4.45082pt
(typearea)              \oddsidemargin  = 4.45082pt
(typearea)             \paperheight     = 845.04694pt
(typearea)              \textheight     = 636.60028pt
(typearea)              \topmargin      = -11.9095pt
(typearea)              \headheight     = 17.0pt
(typearea)              \headsep        = 20.40001pt
(typearea)              \topskip        = 11.0pt
(typearea)              \footskip       = 47.6pt
(typearea)              \baselineskip   = 13.6pt
(typearea)              on input line 487.
(/usr/local/texlive/2025/texmf-dist/tex/latex/lineno/lineno.sty
Package: lineno 2025/01/29 line numbers on paragraphs v5.4
\linenopenalty=\count306
\output=\toks28
\linenoprevgraf=\count307
\linenumbersep=\dimen172
\linenumberwidth=\dimen173
\c@linenumber=\count308
\c@pagewiselinenumber=\count309
\c@LN@truepage=\count310
\c@internallinenumber=\count311
\c@internallinenumbers=\count312
\quotelinenumbersep=\dimen174
\bframerule=\dimen175
\bframesep=\dimen176
\bframebox=\box57
\@LN@amsmath@ams@eqpen=\count313
LaTeX Info: Redefining \\ on input line 3187.
)
atlasdoc: add line numbers to equations
atlasdoc xpatch: Extra linenumber patch worked
\timehh=\count314
\timemm=\count315
\titlepageparbox=\skip69
) (./latex/atlaspackage.sty
Package: latex/atlaspackage 2021/10/13 v11.7.2 ATLAS LaTeX packages

atlaspackage: APKG@texlive is [2016]
atlaspackage: Using default settings
(/usr/local/texlive/2025/texmf-dist/tex/latex/base/inputenc.sty
Package: inputenc 2024/02/08 v1.3d Input encoding file
\inpenc@prehook=\toks29
\inpenc@posthook=\toks30
)
(/usr/local/texlive/2025/texmf-dist/tex/latex/microtype/microtype.sty
Package: microtype 2025/02/11 v3.2a Micro-typographical refinements (RS)
\MT@toks=\toks31
\MT@tempbox=\box58
\MT@count=\count316
LaTeX Info: Redefining \noprotrusionifhmode on input line 1087.
LaTeX Info: Redefining \leftprotrusion on input line 1088.
\MT@prot@toks=\toks32
LaTeX Info: Redefining \rightprotrusion on input line 1107.
LaTeX Info: Redefining \textls on input line 1449.
\MT@outer@kern=\dimen177
LaTeX Info: Redefining \microtypecontext on input line 2053.
LaTeX Info: Redefining \textmicrotypecontext on input line 2070.
\MT@listname@count=\count317

(/usr/local/texlive/2025/texmf-dist/tex/latex/microtype/microtype-pdftex.def
File: microtype-pdftex.def 2025/02/11 v3.2a Definitions specific to pdftex (RS)

LaTeX Info: Redefining \lsstyle on input line 944.
LaTeX Info: Redefining \lslig on input line 944.
\MT@outer@space=\skip70
)
Package microtype Info: Loading configuration file microtype.cfg.

(/usr/local/texlive/2025/texmf-dist/tex/latex/microtype/microtype.cfg
File: microtype.cfg 2025/02/11 v3.2a microtype main configuration file (RS)
)
LaTeX Info: Redefining \microtypesetup on input line 3065.
)
(/usr/local/texlive/2025/texmf-dist/tex/latex/placeins/placeins.sty
Package: placeins 2005/04/18  v 2.2
)
(/usr/local/texlive/2025/texmf-dist/tex/latex/csquotes/csquotes.sty
Package: csquotes 2024-04-04 v5.2o context-sensitive quotations (JAW)
\csq@reset=\count318
\csq@gtype=\count319
\csq@glevel=\count320
\csq@qlevel=\count321
\csq@maxlvl=\count322
\csq@tshold=\count323
\csq@ltx@everypar=\toks33

(/usr/local/texlive/2025/texmf-dist/tex/latex/csquotes/csquotes.def
File: csquotes.def 2024-04-04 v5.2o csquotes generic definitions (JAW)
)
Package csquotes Info: Trying to load configuration file 'csquotes.cfg'...
Package csquotes Info: ... configuration file loaded successfully.

(/usr/local/texlive/2025/texmf-dist/tex/latex/csquotes/csquotes.cfg
File: csquotes.cfg 
)
Package csquotes Info: Enabling multilingual quotes.
)
(/usr/local/texlive/2025/texmf-dist/tex/latex/booktabs/booktabs.sty
Package: booktabs 2020/01/12 v1.61803398 Publication quality tables
\heavyrulewidth=\dimen178
\lightrulewidth=\dimen179
\cmidrulewidth=\dimen180
\belowrulesep=\dimen181
\belowbottomsep=\dimen182
\aboverulesep=\dimen183
\abovetopsep=\dimen184
\cmidrulesep=\dimen185
\cmidrulekern=\dimen186
\defaultaddspace=\dimen187
\@cmidla=\count324
\@cmidlb=\count325
\@aboverulesep=\dimen188
\@belowrulesep=\dimen189
\@thisruleclass=\count326
\@lastruleclass=\count327
\@thisrulewidth=\dimen190
)
(/usr/local/texlive/2025/texmf-dist/tex/latex/subfig/subfig.sty
Package: subfig 2005/06/28 ver: 1.3 subfig package

(/usr/local/texlive/2025/texmf-dist/tex/latex/caption/caption.sty
Package: caption 2023/08/05 v3.6o Customizing captions (AR)

(/usr/local/texlive/2025/texmf-dist/tex/latex/caption/caption3.sty
Package: caption3 2023/07/31 v2.4d caption3 kernel (AR)
\caption@tempdima=\dimen191
\captionmargin=\dimen192
\caption@leftmargin=\dimen193
\caption@rightmargin=\dimen194
\caption@width=\dimen195
\caption@indent=\dimen196
\caption@parindent=\dimen197
\caption@hangindent=\dimen198
Package caption Info: KOMA-Script document class detected.

(/usr/local/texlive/2025/texmf-dist/tex/latex/caption/caption-koma.sto
File: caption-koma.sto 2023/09/08 v2.0e Adaption of the caption package to the 
KOMA-Script document classes (AR)
))
\c@caption@flags=\count328
\c@continuedfloat=\count329
Package caption Info: hyperref package is loaded.
Package caption Info: KOMA-Script scrextend package detected.
\caption@addmargin@hsize=\dimen199
\caption@addmargin@linewidth=\dimen256
)
\c@KVtest=\count330
\sf@farskip=\skip71
\sf@captopadj=\dimen257
\sf@capskip=\skip72
\sf@nearskip=\skip73
\c@subfigure=\count331
\c@subfigure@save=\count332
\c@lofdepth=\count333
\c@subtable=\count334
\c@subtable@save=\count335
\c@lotdepth=\count336
\sf@top=\skip74
\sf@bottom=\skip75
)
(/usr/local/texlive/2025/texmf-dist/tex/latex/bookmark/bookmark.sty
Package: bookmark 2023-12-10 v1.31 PDF bookmarks (HO)

(/usr/local/texlive/2025/texmf-dist/tex/latex/bookmark/bkm-pdftex.def
File: bkm-pdftex.def 2023-12-10 v1.31 bookmark driver for pdfTeX and luaTeX (HO
)
\BKM@id=\count337
))
atlaspackage: Loading siunitx definitions
(/usr/local/texlive/2025/texmf-dist/tex/latex/siunitx/siunitx.sty
Package: siunitx 2025-02-27 v3.4.6 A comprehensive (SI) units package
\l__siunitx_number_uncert_offset_int=\count338
\l__siunitx_number_exponent_fixed_int=\count339
\l__siunitx_number_min_decimal_int=\count340
\l__siunitx_number_min_integer_int=\count341
\l__siunitx_number_round_precision_int=\count342
\l__siunitx_number_lower_threshold_int=\count343
\l__siunitx_number_upper_threshold_int=\count344
\l__siunitx_number_group_first_int=\count345
\l__siunitx_number_group_size_int=\count346
\l__siunitx_number_group_minimum_int=\count347
\l__siunitx_angle_tmp_dim=\dimen258
\l__siunitx_angle_marker_box=\box59
\l__siunitx_angle_unit_box=\box60
\l__siunitx_compound_count_int=\count348

(/usr/local/texlive/2025/texmf-dist/tex/latex/translations/translations.sty
Package: translations 2022/02/05 v1.12 internationalization of LaTeX2e packages
 (CN)
)
\l__siunitx_table_tmp_box=\box61
\l__siunitx_table_tmp_dim=\dimen259
\l__siunitx_table_column_width_dim=\dimen260
\l__siunitx_table_integer_box=\box62
\l__siunitx_table_decimal_box=\box63
\l__siunitx_table_uncert_box=\box64
\l__siunitx_table_before_box=\box65
\l__siunitx_table_after_box=\box66
\l__siunitx_table_before_dim=\dimen261
\l__siunitx_table_carry_dim=\dimen262
\l__siunitx_unit_tmp_int=\count349
\l__siunitx_unit_position_int=\count350
\l__siunitx_unit_total_int=\count351

(/usr/local/texlive/2025/texmf-dist/tex/latex/tools/array.sty
Package: array 2024/10/17 v2.6g Tabular extension package (FMi)
\col@sep=\dimen263
\ar@mcellbox=\box67
\extrarowheight=\dimen264
\NC@list=\toks34
\extratabsurround=\skip76
\backup@length=\skip77
\ar@cellbox=\box68
))

Package siunitx Info: Option "separate-uncertainty" has been deprecated in
(siunitx)             this release.
(siunitx)             
(siunitx)             Use "uncertainty-mode = separate" as a replacement.


Package siunitx Info: Option "detect-all" has been deprecated in this release.
(siunitx)             
(siunitx)             Use "mode = match, propagate-math-font = true,
(siunitx)             reset-math-version = false, reset-text-family = false,
(siunitx)             reset-text-series = false, reset-text-shape = false,
(siunitx)             text-family-to-math = true, text-series-to-math = true"
(siunitx)             as a replacement.

Package hyperref Info: Option `bookmarksnumbered' set `true' on input line 293.

Package hyperref Info: Option `bookmarksopen' set `true' on input line 293.
Package hyperref Info: Option `colorlinks' set `true' on input line 293.
Package hyperref Info: Option `breaklinks' set `true' on input line 293.
Package hyperref Info: Option `unicode' set `true' on input line 293.
Package hyperref Info: Option `psdextra' set `true' on input line 293.

(/usr/local/texlive/2025/texmf-dist/tex/latex/hyperref/psdextra.def
File: psdextra.def 2024-11-05 v7.01l Hyperref: Additions to PDF string support
)
(/usr/local/texlive/2025/texmf-dist/tex/latex/cleveref/cleveref.sty
Package: cleveref 2018/03/27 v0.21.4 Intelligent cross-referencing
Package cleveref Info: `hyperref' support loaded on input line 2370.
LaTeX Info: Redefining \cref on input line 2370.
LaTeX Info: Redefining \Cref on input line 2370.
LaTeX Info: Redefining \crefrange on input line 2370.
LaTeX Info: Redefining \Crefrange on input line 2370.
LaTeX Info: Redefining \cpageref on input line 2370.
LaTeX Info: Redefining \Cpageref on input line 2370.
LaTeX Info: Redefining \cpagerefrange on input line 2370.
LaTeX Info: Redefining \Cpagerefrange on input line 2370.
LaTeX Info: Redefining \labelcref on input line 2370.
LaTeX Info: Redefining \labelcpageref on input line 2370.
Package cleveref Info: `subfig' support loaded on input line 3164.
Package cleveref Info: always capitalise cross-reference names on input line 78
25.
Package cleveref Info: always capitalise cross-reference names on input line 78
52.
)
(/usr/local/texlive/2025/texmf-dist/tex/latex/biblatex/biblatex.sty
Package: biblatex 2024/03/21 v3.20 programmable bibliographies (PK/MW)

(/usr/local/texlive/2025/texmf-dist/tex/latex/logreq/logreq.sty
Package: logreq 2010/08/04 v1.0 xml request logger
\lrq@indent=\count352

(/usr/local/texlive/2025/texmf-dist/tex/latex/logreq/logreq.def
File: logreq.def 2010/08/04 v1.0 logreq spec v1.0
))
\c@tabx@nest=\count353
\c@listtotal=\count354
\c@listcount=\count355
\c@liststart=\count356
\c@liststop=\count357
\c@citecount=\count358
\c@citetotal=\count359
\c@multicitecount=\count360
\c@multicitetotal=\count361
\c@instcount=\count362
\c@maxnames=\count363
\c@minnames=\count364
\c@maxitems=\count365
\c@minitems=\count366
\c@citecounter=\count367
\c@maxcitecounter=\count368
\c@savedcitecounter=\count369
\c@uniquelist=\count370
\c@uniquename=\count371
\c@refsection=\count372
\c@refsegment=\count373
\c@maxextratitle=\count374
\c@maxextratitleyear=\count375
\c@maxextraname=\count376
\c@maxextradate=\count377
\c@maxextraalpha=\count378
\c@abbrvpenalty=\count379
\c@highnamepenalty=\count380
\c@lownamepenalty=\count381
\c@maxparens=\count382
\c@parenlevel=\count383
\blx@tempcnta=\count384
\blx@tempcntb=\count385
\blx@tempcntc=\count386
\c@blx@maxsection=\count387
\blx@maxsegment@0=\count388
\blx@notetype=\count389
\blx@parenlevel@text=\count390
\blx@parenlevel@foot=\count391
\blx@sectionciteorder@0=\count392
\blx@sectionciteorderinternal@0=\count393
\blx@entrysetcounter=\count394
\blx@biblioinstance=\count395
\labelnumberwidth=\skip78
\labelalphawidth=\skip79
\biblabelsep=\skip80
\bibitemsep=\skip81
\bibnamesep=\skip82
\bibinitsep=\skip83
\bibparsep=\skip84
\bibhang=\skip85
\blx@bcfin=\read4
\blx@bcfout=\write3
\blx@langwohyphens=\language91
\c@mincomprange=\count396
\c@maxcomprange=\count397
\c@mincompwidth=\count398
Package biblatex Info: Trying to load biblatex default data model...
Package biblatex Info: ... file 'blx-dm.def' found.

(/usr/local/texlive/2025/texmf-dist/tex/latex/biblatex/blx-dm.def
File: blx-dm.def 2024/03/21 v3.20 biblatex datamodel (PK/MW)
)
Package biblatex Info: Trying to load biblatex style data model...
Package biblatex Info: ... file 'numeric-comp.dbx' not found.
Package biblatex Info: Trying to load biblatex custom data model...
Package biblatex Info: ... file 'biblatex-dm.cfg' not found.
\c@afterword=\count399
\c@savedafterword=\count400
\c@annotator=\count401
\c@savedannotator=\count402
\c@author=\count403
\c@savedauthor=\count404
\c@bookauthor=\count405
\c@savedbookauthor=\count406
\c@commentator=\count407
\c@savedcommentator=\count408
\c@editor=\count409
\c@savededitor=\count410
\c@editora=\count411
\c@savededitora=\count412
\c@editorb=\count413
\c@savededitorb=\count414
\c@editorc=\count415
\c@savededitorc=\count416
\c@foreword=\count417
\c@savedforeword=\count418
\c@holder=\count419
\c@savedholder=\count420
\c@introduction=\count421
\c@savedintroduction=\count422
\c@namea=\count423
\c@savednamea=\count424
\c@nameb=\count425
\c@savednameb=\count426
\c@namec=\count427
\c@savednamec=\count428
\c@translator=\count429
\c@savedtranslator=\count430
\c@shortauthor=\count431
\c@savedshortauthor=\count432
\c@shorteditor=\count433
\c@savedshorteditor=\count434
\c@labelname=\count435
\c@savedlabelname=\count436
\c@institution=\count437
\c@savedinstitution=\count438
\c@lista=\count439
\c@savedlista=\count440
\c@listb=\count441
\c@savedlistb=\count442
\c@listc=\count443
\c@savedlistc=\count444
\c@listd=\count445
\c@savedlistd=\count446
\c@liste=\count447
\c@savedliste=\count448
\c@listf=\count449
\c@savedlistf=\count450
\c@location=\count451
\c@savedlocation=\count452
\c@organization=\count453
\c@savedorganization=\count454
\c@origlocation=\count455
\c@savedoriglocation=\count456
\c@origpublisher=\count457
\c@savedorigpublisher=\count458
\c@publisher=\count459
\c@savedpublisher=\count460
\c@language=\count461
\c@savedlanguage=\count462
\c@origlanguage=\count463
\c@savedoriglanguage=\count464
\c@pageref=\count465
\c@savedpageref=\count466
\shorthandwidth=\skip86
\shortjournalwidth=\skip87
\shortserieswidth=\skip88
\shorttitlewidth=\skip89
\shortauthorwidth=\skip90
\shorteditorwidth=\skip91
\locallabelnumberwidth=\skip92
\locallabelalphawidth=\skip93
\localshorthandwidth=\skip94
\localshortjournalwidth=\skip95
\localshortserieswidth=\skip96
\localshorttitlewidth=\skip97
\localshortauthorwidth=\skip98
\localshorteditorwidth=\skip99
Package biblatex Info: Trying to load compatibility code...
Package biblatex Info: ... file 'blx-compat.def' found.

(/usr/local/texlive/2025/texmf-dist/tex/latex/biblatex/blx-compat.def
File: blx-compat.def 2024/03/21 v3.20 biblatex compatibility (PK/MW)
)
Package biblatex Info: Trying to load generic definitions...
Package biblatex Info: ... file 'biblatex.def' found.

(/usr/local/texlive/2025/texmf-dist/tex/latex/biblatex/biblatex.def
File: biblatex.def 2024/03/21 v3.20 biblatex compatibility (PK/MW)
\c@textcitecount=\count467
\c@textcitetotal=\count468
\c@textcitemaxnames=\count469
\c@biburlbigbreakpenalty=\count470
\c@biburlbreakpenalty=\count471
\c@biburlnumpenalty=\count472
\c@biburlucpenalty=\count473
\c@biburllcpenalty=\count474
\biburlbigskip=\muskip19
\biburlnumskip=\muskip20
\biburlucskip=\muskip21
\biburllcskip=\muskip22
\c@smartand=\count475
)
Package biblatex Info: Trying to load bibliography style 'numeric-comp'...
Package biblatex Info: ... file 'numeric-comp.bbx' found.

(/usr/local/texlive/2025/texmf-dist/tex/latex/biblatex/bbx/numeric-comp.bbx
File: numeric-comp.bbx 2024/03/21 v3.20 biblatex bibliography style (PK/MW)
Package biblatex Info: Trying to load bibliography style 'numeric'...
Package biblatex Info: ... file 'numeric.bbx' found.

(/usr/local/texlive/2025/texmf-dist/tex/latex/biblatex/bbx/numeric.bbx
File: numeric.bbx 2024/03/21 v3.20 biblatex bibliography style (PK/MW)
Package biblatex Info: Trying to load bibliography style 'standard'...
Package biblatex Info: ... file 'standard.bbx' found.

(/usr/local/texlive/2025/texmf-dist/tex/latex/biblatex/bbx/standard.bbx
File: standard.bbx 2024/03/21 v3.20 biblatex bibliography style (PK/MW)
\c@bbx:relatedcount=\count476
\c@bbx:relatedtotal=\count477
)))
Package biblatex Info: Trying to load citation style 'numeric-comp'...
Package biblatex Info: ... file 'numeric-comp.cbx' found.

(/usr/local/texlive/2025/texmf-dist/tex/latex/biblatex/cbx/numeric-comp.cbx
File: numeric-comp.cbx 2024/03/21 v3.20 biblatex citation style (PK/MW)
\c@cbx@tempcnta=\count478
\c@cbx@tempcntb=\count479
\c@cbx@tempcntc=\count480
\c@cbx@tempcntd=\count481
Package biblatex Info: Redefining '\cite'.
Package biblatex Info: Redefining '\parencite'.
Package biblatex Info: Redefining '\footcite'.
Package biblatex Info: Redefining '\footcitetext'.
Package biblatex Info: Redefining '\smartcite'.
Package biblatex Info: Redefining '\supercite'.
Package biblatex Info: Redefining '\textcite'.
Package biblatex Info: Redefining '\textcites'.
Package biblatex Info: Redefining '\cites'.
Package biblatex Info: Redefining '\parencites'.
Package biblatex Info: Redefining '\smartcites'.
)
Package biblatex Info: Trying to load configuration file...
Package biblatex Info: ... file 'biblatex.cfg' found.

(/usr/local/texlive/2025/texmf-dist/tex/latex/biblatex/biblatex.cfg
File: biblatex.cfg 
)
Package biblatex Info: Input encoding 'utf8' detected.
Package biblatex Info: Document encoding is UTF8 ....
Package biblatex Info: ... and expl3
(biblatex)             2025-01-18 L3 programming layer (loader) 
(biblatex)             is new enough (at least 2020/04/06),
(biblatex)             setting 'casechanger=expl3'.

(/usr/local/texlive/2025/texmf-dist/tex/latex/biblatex/blx-case-expl3.sty
Package: blx-case-expl3 2024/03/21 v3.20 expl3 case changing code for biblatex
)))
(./latex/atlasbiblatex.sty
Package: latex/atlasbiblatex 2021/10/13 v11.7.2 ATLAS biblatex style

atlasbiblatex: ABIB@texlive is [2016]
atlasbiblatex: block set to ragged
atlasbiblatex: maxbibnames set to 5
atlasbiblatex: turning backref on
) (./latex/atlascontribute.sty
Package: latex/atlascontribute 2021/10/13 v11.7.2 ATLAS analysis contributions

(/usr/local/texlive/2025/texmf-dist/tex/latex/preprint/authblk.sty
Package: authblk 2001/02/27 1.3 (PWD)
\affilsep=\skip100
\@affilsep=\skip101
\c@Maxaffil=\count482
\c@authors=\count483
\c@affil=\count484
))
(./latex/atlasphysics.sty
Package: latex/atlasphysics 2021/10/13 v11.7.2 ATLAS physics macros

(/usr/local/texlive/2025/texmf-dist/tex/latex/tools/xspace.sty
Package: xspace 2014/10/28 v1.13 Space after command names (DPC,MH)
)
atlasphysics: APHY@texlive is [2016]
atlasphysics: APHY@eVkern is false
(./latex/atlasjournal.sty) (./latex/atlasmisc.sty
\figwidth=\skip102
\dkwidth=\dimen265
) (./latex/atlasparticle.sty)
(./latex/atlasunit.sty
atlasunit: AUNIT@eVkern is false
atlasunit: not applying kern to eV
) (./latex/atlasxref.sty)) (./latex/atlastodo.sty
Package: latex/atlastodo 2021/10/13 v11.7.2 ATLAS to-do notes

ATLAS document: showing notes

Package typearea Warning: Bad type area settings!
(typearea)                The detected line width is about 32%
(typearea)                larger than the heuristically estimated maximum
(typearea)                limit of typographical good line width.
(typearea)                You should e.g. decrease DIV, increase fontsize
(typearea)                or change papersize.

Package typearea Info: These are the values describing the layout:
(typearea)             DIV  = 14
(typearea)             BCOR = -14.22636pt
(typearea)             \paperwidth      = 597.50793pt
(typearea)              \textwidth      = 480.6484pt
(typearea)              DIV departure   = -32%
(typearea)              \evensidemargin = -20.95341pt
(typearea)              \oddsidemargin  = -20.95341pt
(typearea)             \paperheight     = 845.04694pt
(typearea)              \textheight     = 636.60028pt
(typearea)              \topmargin      = -11.9095pt
(typearea)              \headheight     = 17.0pt
(typearea)              \headsep        = 20.40001pt
(typearea)              \topskip        = 11.0pt
(typearea)              \footskip       = 47.6pt
(typearea)              \baselineskip   = 13.6pt
(typearea)              on input line 55.

Package typearea Warning: Bad type area settings!
(typearea)                The detected line width is about 32%
(typearea)                larger than the heuristically estimated maximum
(typearea)                limit of typographical good line width.
(typearea)                You should e.g. decrease DIV, increase fontsize
(typearea)                or change papersize.

Package typearea Info: These are the values describing the layout:
(typearea)             DIV  = 14
(typearea)             BCOR = -14.22636pt
(typearea)             \paperwidth      = 597.50793pt
(typearea)              \textwidth      = 480.6484pt
(typearea)              DIV departure   = -32%
(typearea)              \evensidemargin = -20.95341pt
(typearea)              \oddsidemargin  = -20.95341pt
(typearea)             \paperheight     = 845.04694pt
(typearea)              \textheight     = 636.60028pt
(typearea)              \topmargin      = -11.9095pt
(typearea)              \headheight     = 17.0pt
(typearea)              \headsep        = 20.40001pt
(typearea)              \topskip        = 11.0pt
(typearea)              \footskip       = 47.6pt
(typearea)              \baselineskip   = 13.6pt
(typearea)              on input line 55.
(/usr/local/texlive/2025/texmf-dist/tex/latex/todonotes/todonotes.sty
Package: todonotes 2024/01/05 v1.1.7 Todonotes source and documentation.
Package: todonotes 2024/01/05

(/usr/local/texlive/2025/texmf-dist/tex/latex/pgf/frontendlayer/tikz.sty
(/usr/local/texlive/2025/texmf-dist/tex/latex/pgf/basiclayer/pgf.sty
(/usr/local/texlive/2025/texmf-dist/tex/latex/pgf/utilities/pgfrcs.sty
(/usr/local/texlive/2025/texmf-dist/tex/generic/pgf/utilities/pgfutil-common.te
x
\pgfutil@everybye=\toks35
\pgfutil@tempdima=\dimen266
\pgfutil@tempdimb=\dimen267
)
(/usr/local/texlive/2025/texmf-dist/tex/generic/pgf/utilities/pgfutil-latex.def
\pgfutil@abb=\box69
) (/usr/local/texlive/2025/texmf-dist/tex/generic/pgf/utilities/pgfrcs.code.tex
(/usr/local/texlive/2025/texmf-dist/tex/generic/pgf/pgf.revision.tex)
Package: pgfrcs 2023-01-15 v3.1.10 (3.1.10)
))
Package: pgf 2023-01-15 v3.1.10 (3.1.10)

(/usr/local/texlive/2025/texmf-dist/tex/latex/pgf/basiclayer/pgfcore.sty
(/usr/local/texlive/2025/texmf-dist/tex/latex/pgf/systemlayer/pgfsys.sty
(/usr/local/texlive/2025/texmf-dist/tex/generic/pgf/systemlayer/pgfsys.code.tex
Package: pgfsys 2023-01-15 v3.1.10 (3.1.10)
(/usr/local/texlive/2025/texmf-dist/tex/generic/pgf/utilities/pgfkeys.code.tex
\pgfkeys@pathtoks=\toks36
\pgfkeys@temptoks=\toks37

(/usr/local/texlive/2025/texmf-dist/tex/generic/pgf/utilities/pgfkeyslibraryfil
tered.code.tex
\pgfkeys@tmptoks=\toks38
))
\pgf@x=\dimen268
\pgf@y=\dimen269
\pgf@xa=\dimen270
\pgf@ya=\dimen271
\pgf@xb=\dimen272
\pgf@yb=\dimen273
\pgf@xc=\dimen274
\pgf@yc=\dimen275
\pgf@xd=\dimen276
\pgf@yd=\dimen277
\w@pgf@writea=\write4
\r@pgf@reada=\read5
\c@pgf@counta=\count485
\c@pgf@countb=\count486
\c@pgf@countc=\count487
\c@pgf@countd=\count488
\t@pgf@toka=\toks39
\t@pgf@tokb=\toks40
\t@pgf@tokc=\toks41
\pgf@sys@id@count=\count489

(/usr/local/texlive/2025/texmf-dist/tex/generic/pgf/systemlayer/pgf.cfg
File: pgf.cfg 2023-01-15 v3.1.10 (3.1.10)
)
Driver file for pgf: pgfsys-pdftex.def

(/usr/local/texlive/2025/texmf-dist/tex/generic/pgf/systemlayer/pgfsys-pdftex.d
ef
File: pgfsys-pdftex.def 2023-01-15 v3.1.10 (3.1.10)

(/usr/local/texlive/2025/texmf-dist/tex/generic/pgf/systemlayer/pgfsys-common-p
df.def
File: pgfsys-common-pdf.def 2023-01-15 v3.1.10 (3.1.10)
)))
(/usr/local/texlive/2025/texmf-dist/tex/generic/pgf/systemlayer/pgfsyssoftpath.
code.tex
File: pgfsyssoftpath.code.tex 2023-01-15 v3.1.10 (3.1.10)
\pgfsyssoftpath@smallbuffer@items=\count490
\pgfsyssoftpath@bigbuffer@items=\count491
)
(/usr/local/texlive/2025/texmf-dist/tex/generic/pgf/systemlayer/pgfsysprotocol.
code.tex
File: pgfsysprotocol.code.tex 2023-01-15 v3.1.10 (3.1.10)
))
(/usr/local/texlive/2025/texmf-dist/tex/generic/pgf/basiclayer/pgfcore.code.tex
Package: pgfcore 2023-01-15 v3.1.10 (3.1.10)
(/usr/local/texlive/2025/texmf-dist/tex/generic/pgf/math/pgfmath.code.tex
(/usr/local/texlive/2025/texmf-dist/tex/generic/pgf/math/pgfmathutil.code.tex)
(/usr/local/texlive/2025/texmf-dist/tex/generic/pgf/math/pgfmathparser.code.tex
\pgfmath@dimen=\dimen278
\pgfmath@count=\count492
\pgfmath@box=\box70
\pgfmath@toks=\toks42
\pgfmath@stack@operand=\toks43
\pgfmath@stack@operation=\toks44
)
(/usr/local/texlive/2025/texmf-dist/tex/generic/pgf/math/pgfmathfunctions.code.
tex)
(/usr/local/texlive/2025/texmf-dist/tex/generic/pgf/math/pgfmathfunctions.basic
.code.tex)
(/usr/local/texlive/2025/texmf-dist/tex/generic/pgf/math/pgfmathfunctions.trigo
nometric.code.tex)
(/usr/local/texlive/2025/texmf-dist/tex/generic/pgf/math/pgfmathfunctions.rando
m.code.tex)
(/usr/local/texlive/2025/texmf-dist/tex/generic/pgf/math/pgfmathfunctions.compa
rison.code.tex)
(/usr/local/texlive/2025/texmf-dist/tex/generic/pgf/math/pgfmathfunctions.base.
code.tex)
(/usr/local/texlive/2025/texmf-dist/tex/generic/pgf/math/pgfmathfunctions.round
.code.tex)
(/usr/local/texlive/2025/texmf-dist/tex/generic/pgf/math/pgfmathfunctions.misc.
code.tex)
(/usr/local/texlive/2025/texmf-dist/tex/generic/pgf/math/pgfmathfunctions.integ
erarithmetics.code.tex)
(/usr/local/texlive/2025/texmf-dist/tex/generic/pgf/math/pgfmathcalc.code.tex)
(/usr/local/texlive/2025/texmf-dist/tex/generic/pgf/math/pgfmathfloat.code.tex
\c@pgfmathroundto@lastzeros=\count493
)) (/usr/local/texlive/2025/texmf-dist/tex/generic/pgf/math/pgfint.code.tex)
(/usr/local/texlive/2025/texmf-dist/tex/generic/pgf/basiclayer/pgfcorepoints.co
de.tex
File: pgfcorepoints.code.tex 2023-01-15 v3.1.10 (3.1.10)
\pgf@picminx=\dimen279
\pgf@picmaxx=\dimen280
\pgf@picminy=\dimen281
\pgf@picmaxy=\dimen282
\pgf@pathminx=\dimen283
\pgf@pathmaxx=\dimen284
\pgf@pathminy=\dimen285
\pgf@pathmaxy=\dimen286
\pgf@xx=\dimen287
\pgf@xy=\dimen288
\pgf@yx=\dimen289
\pgf@yy=\dimen290
\pgf@zx=\dimen291
\pgf@zy=\dimen292
)
(/usr/local/texlive/2025/texmf-dist/tex/generic/pgf/basiclayer/pgfcorepathconst
ruct.code.tex
File: pgfcorepathconstruct.code.tex 2023-01-15 v3.1.10 (3.1.10)
\pgf@path@lastx=\dimen293
\pgf@path@lasty=\dimen294
)
(/usr/local/texlive/2025/texmf-dist/tex/generic/pgf/basiclayer/pgfcorepathusage
.code.tex
File: pgfcorepathusage.code.tex 2023-01-15 v3.1.10 (3.1.10)
\pgf@shorten@end@additional=\dimen295
\pgf@shorten@start@additional=\dimen296
)
(/usr/local/texlive/2025/texmf-dist/tex/generic/pgf/basiclayer/pgfcorescopes.co
de.tex
File: pgfcorescopes.code.tex 2023-01-15 v3.1.10 (3.1.10)
\pgfpic=\box71
\pgf@hbox=\box72
\pgf@layerbox@main=\box73
\pgf@picture@serial@count=\count494
)
(/usr/local/texlive/2025/texmf-dist/tex/generic/pgf/basiclayer/pgfcoregraphicst
ate.code.tex
File: pgfcoregraphicstate.code.tex 2023-01-15 v3.1.10 (3.1.10)
\pgflinewidth=\dimen297
)
(/usr/local/texlive/2025/texmf-dist/tex/generic/pgf/basiclayer/pgfcoretransform
ations.code.tex
File: pgfcoretransformations.code.tex 2023-01-15 v3.1.10 (3.1.10)
\pgf@pt@x=\dimen298
\pgf@pt@y=\dimen299
\pgf@pt@temp=\dimen300
)
(/usr/local/texlive/2025/texmf-dist/tex/generic/pgf/basiclayer/pgfcorequick.cod
e.tex
File: pgfcorequick.code.tex 2023-01-15 v3.1.10 (3.1.10)
)
(/usr/local/texlive/2025/texmf-dist/tex/generic/pgf/basiclayer/pgfcoreobjects.c
ode.tex
File: pgfcoreobjects.code.tex 2023-01-15 v3.1.10 (3.1.10)
)
(/usr/local/texlive/2025/texmf-dist/tex/generic/pgf/basiclayer/pgfcorepathproce
ssing.code.tex
File: pgfcorepathprocessing.code.tex 2023-01-15 v3.1.10 (3.1.10)
)
(/usr/local/texlive/2025/texmf-dist/tex/generic/pgf/basiclayer/pgfcorearrows.co
de.tex
File: pgfcorearrows.code.tex 2023-01-15 v3.1.10 (3.1.10)
\pgfarrowsep=\dimen301
)
(/usr/local/texlive/2025/texmf-dist/tex/generic/pgf/basiclayer/pgfcoreshade.cod
e.tex
File: pgfcoreshade.code.tex 2023-01-15 v3.1.10 (3.1.10)
\pgf@max=\dimen302
\pgf@sys@shading@range@num=\count495
\pgf@shadingcount=\count496
)
(/usr/local/texlive/2025/texmf-dist/tex/generic/pgf/basiclayer/pgfcoreimage.cod
e.tex
File: pgfcoreimage.code.tex 2023-01-15 v3.1.10 (3.1.10)
)
(/usr/local/texlive/2025/texmf-dist/tex/generic/pgf/basiclayer/pgfcoreexternal.
code.tex
File: pgfcoreexternal.code.tex 2023-01-15 v3.1.10 (3.1.10)
\pgfexternal@startupbox=\box74
)
(/usr/local/texlive/2025/texmf-dist/tex/generic/pgf/basiclayer/pgfcorelayers.co
de.tex
File: pgfcorelayers.code.tex 2023-01-15 v3.1.10 (3.1.10)
)
(/usr/local/texlive/2025/texmf-dist/tex/generic/pgf/basiclayer/pgfcoretranspare
ncy.code.tex
File: pgfcoretransparency.code.tex 2023-01-15 v3.1.10 (3.1.10)
)
(/usr/local/texlive/2025/texmf-dist/tex/generic/pgf/basiclayer/pgfcorepatterns.
code.tex
File: pgfcorepatterns.code.tex 2023-01-15 v3.1.10 (3.1.10)
)
(/usr/local/texlive/2025/texmf-dist/tex/generic/pgf/basiclayer/pgfcorerdf.code.
tex
File: pgfcorerdf.code.tex 2023-01-15 v3.1.10 (3.1.10)
)))
(/usr/local/texlive/2025/texmf-dist/tex/generic/pgf/modules/pgfmoduleshapes.cod
e.tex
File: pgfmoduleshapes.code.tex 2023-01-15 v3.1.10 (3.1.10)
\pgfnodeparttextbox=\box75
)
(/usr/local/texlive/2025/texmf-dist/tex/generic/pgf/modules/pgfmoduleplot.code.
tex
File: pgfmoduleplot.code.tex 2023-01-15 v3.1.10 (3.1.10)
)
(/usr/local/texlive/2025/texmf-dist/tex/latex/pgf/compatibility/pgfcomp-version
-0-65.sty
Package: pgfcomp-version-0-65 2023-01-15 v3.1.10 (3.1.10)
\pgf@nodesepstart=\dimen303
\pgf@nodesepend=\dimen304
)
(/usr/local/texlive/2025/texmf-dist/tex/latex/pgf/compatibility/pgfcomp-version
-1-18.sty
Package: pgfcomp-version-1-18 2023-01-15 v3.1.10 (3.1.10)
))
(/usr/local/texlive/2025/texmf-dist/tex/latex/pgf/utilities/pgffor.sty
(/usr/local/texlive/2025/texmf-dist/tex/latex/pgf/utilities/pgfkeys.sty
(/usr/local/texlive/2025/texmf-dist/tex/generic/pgf/utilities/pgfkeys.code.tex)
) (/usr/local/texlive/2025/texmf-dist/tex/latex/pgf/math/pgfmath.sty
(/usr/local/texlive/2025/texmf-dist/tex/generic/pgf/math/pgfmath.code.tex))
(/usr/local/texlive/2025/texmf-dist/tex/generic/pgf/utilities/pgffor.code.tex
Package: pgffor 2023-01-15 v3.1.10 (3.1.10)
\pgffor@iter=\dimen305
\pgffor@skip=\dimen306
\pgffor@stack=\toks45
\pgffor@toks=\toks46
))
(/usr/local/texlive/2025/texmf-dist/tex/generic/pgf/frontendlayer/tikz/tikz.cod
e.tex
Package: tikz 2023-01-15 v3.1.10 (3.1.10)

(/usr/local/texlive/2025/texmf-dist/tex/generic/pgf/libraries/pgflibraryplothan
dlers.code.tex
File: pgflibraryplothandlers.code.tex 2023-01-15 v3.1.10 (3.1.10)
\pgf@plot@mark@count=\count497
\pgfplotmarksize=\dimen307
)
\tikz@lastx=\dimen308
\tikz@lasty=\dimen309
\tikz@lastxsaved=\dimen310
\tikz@lastysaved=\dimen311
\tikz@lastmovetox=\dimen312
\tikz@lastmovetoy=\dimen313
\tikzleveldistance=\dimen314
\tikzsiblingdistance=\dimen315
\tikz@figbox=\box76
\tikz@figbox@bg=\box77
\tikz@tempbox=\box78
\tikz@tempbox@bg=\box79
\tikztreelevel=\count498
\tikznumberofchildren=\count499
\tikznumberofcurrentchild=\count500
\tikz@fig@count=\count501

(/usr/local/texlive/2025/texmf-dist/tex/generic/pgf/modules/pgfmodulematrix.cod
e.tex
File: pgfmodulematrix.code.tex 2023-01-15 v3.1.10 (3.1.10)
\pgfmatrixcurrentrow=\count502
\pgfmatrixcurrentcolumn=\count503
\pgf@matrix@numberofcolumns=\count504
)
\tikz@expandcount=\count505

(/usr/local/texlive/2025/texmf-dist/tex/generic/pgf/frontendlayer/tikz/librarie
s/tikzlibrarytopaths.code.tex
File: tikzlibrarytopaths.code.tex 2023-01-15 v3.1.10 (3.1.10)
)))
(/usr/local/texlive/2025/texmf-dist/tex/generic/pgf/frontendlayer/tikz/librarie
s/tikzlibrarypositioning.code.tex
File: tikzlibrarypositioning.code.tex 2023-01-15 v3.1.10 (3.1.10)
)
(/usr/local/texlive/2025/texmf-dist/tex/latex/tools/calc.sty
Package: calc 2023/07/08 v4.3 Infix arithmetic (KKT,FJ)
\calc@Acount=\count506
\calc@Bcount=\count507
\calc@Adimen=\dimen316
\calc@Bdimen=\dimen317
\calc@Askip=\skip103
\calc@Bskip=\skip104
LaTeX Info: Redefining \setlength on input line 80.
LaTeX Info: Redefining \addtolength on input line 81.
\calc@Ccount=\count508
\calc@Cskip=\skip105
)
\c@@todonotes@numberoftodonotes=\count509
))
(/usr/local/texlive/2025/texmf-dist/tex/latex/braket/braket.sty)
(./ANA-EXOT-2021-37-INT1-defs.sty)
(/usr/local/texlive/2025/texmf-dist/tex/latex/multirow/multirow.sty
Package: multirow 2024/11/12 v2.9 Span multiple rows of a table
\multirow@colwidth=\skip106
\multirow@cntb=\count510
\multirow@dima=\skip107
\bigstrutjot=\dimen318
)
(/usr/local/texlive/2025/texmf-dist/tex/generic/ulem/ulem.sty
\UL@box=\box80
\UL@hyphenbox=\box81
\UL@skip=\skip108
\UL@hook=\toks47
\UL@height=\dimen319
\UL@pe=\count511
\UL@pixel=\dimen320
\ULC@box=\box82
Package: ulem 2019/11/18
\ULdepth=\dimen321
)
(/usr/local/texlive/2025/texmf-dist/tex/latex/realboxes/realboxes.sty
Package: realboxes 2011/08/08 v0.2 Change box commands to read there content as
 real boxes

(/usr/local/texlive/2025/texmf-dist/tex/latex/collectbox/collectbox.sty
Package: collectbox 2022/10/17 v0.4c Collect macro arguments as boxes
\collectedbox=\box83
)
(/usr/local/texlive/2025/texmf-dist/tex/latex/adjustbox/adjcalc.sty
Package: adjcalc 2012/05/16 v1.1 Provides advanced setlength with multiple back
-ends (calc, etex, pgfmath)
))
(/usr/local/texlive/2025/texmf-dist/tex/latex/amsfonts/amssymb.sty
Package: amssymb 2013/01/14 v3.01 AMS font symbols

(/usr/local/texlive/2025/texmf-dist/tex/latex/amsfonts/amsfonts.sty
Package: amsfonts 2013/01/14 v3.01 Basic AMSFonts support
\symAMSa=\mathgroup8
\symAMSb=\mathgroup9
LaTeX Font Info:    Redeclaring math delimiter \ulcorner on input line 74.
LaTeX Font Info:    Redeclaring math delimiter \urcorner on input line 75.
LaTeX Font Info:    Redeclaring math delimiter \llcorner on input line 76.
LaTeX Font Info:    Redeclaring math delimiter \lrcorner on input line 77.
LaTeX Font Info:    Redeclaring math symbol \square on input line 141.
LaTeX Font Info:    Redeclaring math symbol \lozenge on input line 142.
)
LaTeX Font Info:    Redeclaring math symbol \boxdot on input line 44.
LaTeX Font Info:    Redeclaring math symbol \boxplus on input line 45.
LaTeX Font Info:    Redeclaring math symbol \boxtimes on input line 46.
LaTeX Font Info:    Redeclaring math symbol \blacksquare on input line 48.
LaTeX Font Info:    Redeclaring math symbol \centerdot on input line 49.
LaTeX Font Info:    Redeclaring math symbol \blacklozenge on input line 51.
LaTeX Font Info:    Redeclaring math symbol \circlearrowright on input line 52.

LaTeX Font Info:    Redeclaring math symbol \circlearrowleft on input line 53.
LaTeX Font Info:    Redeclaring math symbol \leftrightharpoons on input line 56
.
LaTeX Font Info:    Redeclaring math symbol \boxminus on input line 57.
LaTeX Font Info:    Redeclaring math symbol \Vdash on input line 58.
LaTeX Font Info:    Redeclaring math symbol \Vvdash on input line 59.
LaTeX Font Info:    Redeclaring math symbol \vDash on input line 60.
LaTeX Font Info:    Redeclaring math symbol \twoheadrightarrow on input line 61
.
LaTeX Font Info:    Redeclaring math symbol \twoheadleftarrow on input line 62.

LaTeX Font Info:    Redeclaring math symbol \leftleftarrows on input line 63.
LaTeX Font Info:    Redeclaring math symbol \rightrightarrows on input line 64.

LaTeX Font Info:    Redeclaring math symbol \upuparrows on input line 65.
LaTeX Font Info:    Redeclaring math symbol \downdownarrows on input line 66.
LaTeX Font Info:    Redeclaring math symbol \upharpoonright on input line 67.
LaTeX Font Info:    Redeclaring math symbol \downharpoonright on input line 69.

LaTeX Font Info:    Redeclaring math symbol \upharpoonleft on input line 70.
LaTeX Font Info:    Redeclaring math symbol \downharpoonleft on input line 71.
LaTeX Font Info:    Redeclaring math symbol \rightarrowtail on input line 72.
LaTeX Font Info:    Redeclaring math symbol \leftarrowtail on input line 73.
LaTeX Font Info:    Redeclaring math symbol \leftrightarrows on input line 74.
LaTeX Font Info:    Redeclaring math symbol \rightleftarrows on input line 75.
LaTeX Font Info:    Redeclaring math symbol \Lsh on input line 76.
LaTeX Font Info:    Redeclaring math symbol \Rsh on input line 77.
LaTeX Font Info:    Redeclaring math symbol \leftrightsquigarrow on input line 
79.
LaTeX Font Info:    Redeclaring math symbol \looparrowleft on input line 80.
LaTeX Font Info:    Redeclaring math symbol \looparrowright on input line 81.
LaTeX Font Info:    Redeclaring math symbol \circeq on input line 82.
LaTeX Font Info:    Redeclaring math symbol \succsim on input line 83.
LaTeX Font Info:    Redeclaring math symbol \gtrsim on input line 84.
LaTeX Font Info:    Redeclaring math symbol \gtrapprox on input line 85.
LaTeX Font Info:    Redeclaring math symbol \multimap on input line 86.
LaTeX Font Info:    Redeclaring math symbol \therefore on input line 87.
LaTeX Font Info:    Redeclaring math symbol \because on input line 88.
LaTeX Font Info:    Redeclaring math symbol \doteqdot on input line 89.
LaTeX Font Info:    Redeclaring math symbol \triangleq on input line 91.
LaTeX Font Info:    Redeclaring math symbol \precsim on input line 92.
LaTeX Font Info:    Redeclaring math symbol \lesssim on input line 93.
LaTeX Font Info:    Redeclaring math symbol \lessapprox on input line 94.
LaTeX Font Info:    Redeclaring math symbol \eqslantless on input line 95.
LaTeX Font Info:    Redeclaring math symbol \eqslantgtr on input line 96.
LaTeX Font Info:    Redeclaring math symbol \curlyeqprec on input line 97.
LaTeX Font Info:    Redeclaring math symbol \curlyeqsucc on input line 98.
LaTeX Font Info:    Redeclaring math symbol \preccurlyeq on input line 99.
LaTeX Font Info:    Redeclaring math symbol \leqq on input line 100.
LaTeX Font Info:    Redeclaring math symbol \leqslant on input line 101.
LaTeX Font Info:    Redeclaring math symbol \lessgtr on input line 102.
LaTeX Font Info:    Redeclaring math symbol \backprime on input line 103.
LaTeX Font Info:    Redeclaring math symbol \risingdotseq on input line 104.
LaTeX Font Info:    Redeclaring math symbol \fallingdotseq on input line 105.
LaTeX Font Info:    Redeclaring math symbol \succcurlyeq on input line 106.
LaTeX Font Info:    Redeclaring math symbol \geqq on input line 107.
LaTeX Font Info:    Redeclaring math symbol \geqslant on input line 108.
LaTeX Font Info:    Redeclaring math symbol \gtrless on input line 109.
LaTeX Font Info:    Redeclaring math symbol \bigstar on input line 117.
LaTeX Font Info:    Redeclaring math symbol \between on input line 118.
LaTeX Font Info:    Redeclaring math symbol \blacktriangledown on input line 11
9.
LaTeX Font Info:    Redeclaring math symbol \blacktriangleright on input line 1
20.
LaTeX Font Info:    Redeclaring math symbol \blacktriangleleft on input line 12
1.
LaTeX Font Info:    Redeclaring math symbol \vartriangle on input line 122.
LaTeX Font Info:    Redeclaring math symbol \blacktriangle on input line 123.
LaTeX Font Info:    Redeclaring math symbol \triangledown on input line 124.
LaTeX Font Info:    Redeclaring math symbol \eqcirc on input line 125.
LaTeX Font Info:    Redeclaring math symbol \lesseqgtr on input line 126.
LaTeX Font Info:    Redeclaring math symbol \gtreqless on input line 127.
LaTeX Font Info:    Redeclaring math symbol \lesseqqgtr on input line 128.
LaTeX Font Info:    Redeclaring math symbol \gtreqqless on input line 129.
LaTeX Font Info:    Redeclaring math symbol \Rrightarrow on input line 130.
LaTeX Font Info:    Redeclaring math symbol \Lleftarrow on input line 131.
LaTeX Font Info:    Redeclaring math symbol \veebar on input line 132.
LaTeX Font Info:    Redeclaring math symbol \barwedge on input line 133.
LaTeX Font Info:    Redeclaring math symbol \doublebarwedge on input line 134.
LaTeX Font Info:    Redeclaring math symbol \measuredangle on input line 137.
LaTeX Font Info:    Redeclaring math symbol \sphericalangle on input line 138.
LaTeX Font Info:    Redeclaring math symbol \varpropto on input line 139.
LaTeX Font Info:    Redeclaring math symbol \smallsmile on input line 140.
LaTeX Font Info:    Redeclaring math symbol \smallfrown on input line 141.
LaTeX Font Info:    Redeclaring math symbol \Subset on input line 142.
LaTeX Font Info:    Redeclaring math symbol \Supset on input line 143.
LaTeX Font Info:    Redeclaring math symbol \Cup on input line 144.
LaTeX Font Info:    Redeclaring math symbol \Cap on input line 146.
LaTeX Font Info:    Redeclaring math symbol \curlywedge on input line 148.
LaTeX Font Info:    Redeclaring math symbol \curlyvee on input line 149.
LaTeX Font Info:    Redeclaring math symbol \leftthreetimes on input line 150.
LaTeX Font Info:    Redeclaring math symbol \rightthreetimes on input line 151.

LaTeX Font Info:    Redeclaring math symbol \subseteqq on input line 152.
LaTeX Font Info:    Redeclaring math symbol \supseteqq on input line 153.
LaTeX Font Info:    Redeclaring math symbol \bumpeq on input line 154.
LaTeX Font Info:    Redeclaring math symbol \Bumpeq on input line 155.
LaTeX Font Info:    Redeclaring math symbol \lll on input line 156.
LaTeX Font Info:    Redeclaring math symbol \ggg on input line 158.
LaTeX Font Info:    Redeclaring math symbol \circledS on input line 160.
LaTeX Font Info:    Redeclaring math symbol \pitchfork on input line 161.
LaTeX Font Info:    Redeclaring math symbol \dotplus on input line 162.
LaTeX Font Info:    Redeclaring math symbol \backsim on input line 163.
LaTeX Font Info:    Redeclaring math symbol \backsimeq on input line 164.
LaTeX Font Info:    Redeclaring math symbol \complement on input line 165.
LaTeX Font Info:    Redeclaring math symbol \intercal on input line 166.
LaTeX Font Info:    Redeclaring math symbol \circledcirc on input line 167.
LaTeX Font Info:    Redeclaring math symbol \circledast on input line 168.
LaTeX Font Info:    Redeclaring math symbol \circleddash on input line 169.
LaTeX Font Info:    Redeclaring math symbol \lvertneqq on input line 171.
LaTeX Font Info:    Redeclaring math symbol \gvertneqq on input line 172.
LaTeX Font Info:    Redeclaring math symbol \nleq on input line 173.
LaTeX Font Info:    Redeclaring math symbol \ngeq on input line 174.
LaTeX Font Info:    Redeclaring math symbol \nless on input line 175.
LaTeX Font Info:    Redeclaring math symbol \ngtr on input line 176.
LaTeX Font Info:    Redeclaring math symbol \nprec on input line 177.
LaTeX Font Info:    Redeclaring math symbol \nsucc on input line 178.
LaTeX Font Info:    Redeclaring math symbol \lneqq on input line 179.
LaTeX Font Info:    Redeclaring math symbol \gneqq on input line 180.
LaTeX Font Info:    Redeclaring math symbol \nleqslant on input line 181.
LaTeX Font Info:    Redeclaring math symbol \ngeqslant on input line 182.
LaTeX Font Info:    Redeclaring math symbol \lneq on input line 183.
LaTeX Font Info:    Redeclaring math symbol \gneq on input line 184.
LaTeX Font Info:    Redeclaring math symbol \npreceq on input line 185.
LaTeX Font Info:    Redeclaring math symbol \nsucceq on input line 186.
LaTeX Font Info:    Redeclaring math symbol \precnsim on input line 187.
LaTeX Font Info:    Redeclaring math symbol \succnsim on input line 188.
LaTeX Font Info:    Redeclaring math symbol \lnsim on input line 189.
LaTeX Font Info:    Redeclaring math symbol \gnsim on input line 190.
LaTeX Font Info:    Redeclaring math symbol \nleqq on input line 191.
LaTeX Font Info:    Redeclaring math symbol \ngeqq on input line 192.
LaTeX Font Info:    Redeclaring math symbol \precneqq on input line 193.
LaTeX Font Info:    Redeclaring math symbol \succneqq on input line 194.
LaTeX Font Info:    Redeclaring math symbol \precnapprox on input line 195.
LaTeX Font Info:    Redeclaring math symbol \succnapprox on input line 196.
LaTeX Font Info:    Redeclaring math symbol \lnapprox on input line 197.
LaTeX Font Info:    Redeclaring math symbol \gnapprox on input line 198.
LaTeX Font Info:    Redeclaring math symbol \nsim on input line 199.
LaTeX Font Info:    Redeclaring math symbol \ncong on input line 200.
LaTeX Font Info:    Redeclaring math symbol \diagup on input line 201.
LaTeX Font Info:    Redeclaring math symbol \diagdown on input line 202.
LaTeX Font Info:    Redeclaring math symbol \varsubsetneq on input line 203.
LaTeX Font Info:    Redeclaring math symbol \varsupsetneq on input line 204.
LaTeX Font Info:    Redeclaring math symbol \nsubseteqq on input line 205.
LaTeX Font Info:    Redeclaring math symbol \nsupseteqq on input line 206.
LaTeX Font Info:    Redeclaring math symbol \subsetneqq on input line 207.
LaTeX Font Info:    Redeclaring math symbol \supsetneqq on input line 208.
LaTeX Font Info:    Redeclaring math symbol \varsubsetneqq on input line 209.
LaTeX Font Info:    Redeclaring math symbol \varsupsetneqq on input line 210.
LaTeX Font Info:    Redeclaring math symbol \subsetneq on input line 211.
LaTeX Font Info:    Redeclaring math symbol \supsetneq on input line 212.
LaTeX Font Info:    Redeclaring math symbol \nsubseteq on input line 213.
LaTeX Font Info:    Redeclaring math symbol \nsupseteq on input line 214.
LaTeX Font Info:    Redeclaring math symbol \nparallel on input line 215.
LaTeX Font Info:    Redeclaring math symbol \nmid on input line 216.
LaTeX Font Info:    Redeclaring math symbol \nshortmid on input line 217.
LaTeX Font Info:    Redeclaring math symbol \nshortparallel on input line 218.
LaTeX Font Info:    Redeclaring math symbol \nvdash on input line 219.
LaTeX Font Info:    Redeclaring math symbol \nVdash on input line 220.
LaTeX Font Info:    Redeclaring math symbol \nvDash on input line 221.
LaTeX Font Info:    Redeclaring math symbol \nVDash on input line 222.
LaTeX Font Info:    Redeclaring math symbol \ntrianglerighteq on input line 223
.
LaTeX Font Info:    Redeclaring math symbol \ntrianglelefteq on input line 224.

LaTeX Font Info:    Redeclaring math symbol \ntriangleleft on input line 225.
LaTeX Font Info:    Redeclaring math symbol \ntriangleright on input line 226.
LaTeX Font Info:    Redeclaring math symbol \nleftarrow on input line 227.
LaTeX Font Info:    Redeclaring math symbol \nrightarrow on input line 228.
LaTeX Font Info:    Redeclaring math symbol \nLeftarrow on input line 229.
LaTeX Font Info:    Redeclaring math symbol \nRightarrow on input line 230.
LaTeX Font Info:    Redeclaring math symbol \nLeftrightarrow on input line 231.

LaTeX Font Info:    Redeclaring math symbol \nleftrightarrow on input line 232.

LaTeX Font Info:    Redeclaring math symbol \divideontimes on input line 233.
LaTeX Font Info:    Redeclaring math symbol \varnothing on input line 234.
LaTeX Font Info:    Redeclaring math symbol \nexists on input line 235.
LaTeX Font Info:    Redeclaring math symbol \Finv on input line 236.
LaTeX Font Info:    Redeclaring math symbol \Game on input line 237.
LaTeX Font Info:    Redeclaring math symbol \eth on input line 240.
LaTeX Font Info:    Redeclaring math symbol \eqsim on input line 241.
LaTeX Font Info:    Redeclaring math symbol \beth on input line 242.
LaTeX Font Info:    Redeclaring math symbol \gimel on input line 243.
LaTeX Font Info:    Redeclaring math symbol \daleth on input line 244.
LaTeX Font Info:    Redeclaring math symbol \lessdot on input line 245.
LaTeX Font Info:    Redeclaring math symbol \gtrdot on input line 246.
LaTeX Font Info:    Redeclaring math symbol \ltimes on input line 247.
LaTeX Font Info:    Redeclaring math symbol \rtimes on input line 248.
LaTeX Font Info:    Redeclaring math symbol \shortmid on input line 249.
LaTeX Font Info:    Redeclaring math symbol \shortparallel on input line 250.
LaTeX Font Info:    Redeclaring math symbol \smallsetminus on input line 251.
LaTeX Font Info:    Redeclaring math symbol \thicksim on input line 252.
LaTeX Font Info:    Redeclaring math symbol \thickapprox on input line 253.
LaTeX Font Info:    Redeclaring math symbol \approxeq on input line 254.
LaTeX Font Info:    Redeclaring math symbol \succapprox on input line 255.
LaTeX Font Info:    Redeclaring math symbol \precapprox on input line 256.
LaTeX Font Info:    Redeclaring math symbol \curvearrowleft on input line 257.
LaTeX Font Info:    Redeclaring math symbol \curvearrowright on input line 258.

LaTeX Font Info:    Redeclaring math symbol \digamma on input line 259.
LaTeX Font Info:    Redeclaring math symbol \varkappa on input line 260.
LaTeX Font Info:    Redeclaring math symbol \hslash on input line 262.
LaTeX Font Info:    Redeclaring math symbol \backepsilon on input line 265.
)
(./ANA-EXOT-2021-37-INT1-metadata.tex)
LaTeX Font Info:    Trying to load font information for OT1+ntxtlf on input lin
e 103.

(/usr/local/texlive/2025/texmf-dist/tex/latex/newtx/ot1ntxtlf.fd
File: ot1ntxtlf.fd 2021/05/24 v1.0 font definition file for OT1/ntx/tlf
)
LaTeX Font Info:    Font shape `OT1/ntxtlf/m/n' will be
(Font)              scaled to size 10.95pt on input line 103.
Package csquotes Info: Checking for multilingual support...
Package csquotes Info: ... found 'babel' package.

(./ANA-EXOT-2021-37-INT1.aux

LaTeX Warning: Label `sec:phase_comp' multiply defined.


LaTeX Warning: Label `sec:phase_comp@cref' multiply defined.


LaTeX Warning: Label `lab:ToyStudy' multiply defined.


LaTeX Warning: Label `lab:ToyStudy@cref' multiply defined.


LaTeX Warning: Label `model1' multiply defined.


LaTeX Warning: Label `model1@cref' multiply defined.


LaTeX Warning: Label `fig:SM_like_toy_scrambled' multiply defined.


LaTeX Warning: Label `fig:SM_like_toy_scrambled@cref' multiply defined.


LaTeX Warning: Label `fig:SM_like_toy_fit_results12' multiply defined.


LaTeX Warning: Label `fig:SM_like_toy_fit_results12@cref' multiply defined.


LaTeX Warning: Label `fig:signal_injected_toy_p003_p0015' multiply defined.


LaTeX Warning: Label `fig:signal_injected_toy_p003_p0015@cref' multiply defined
.


LaTeX Warning: Label `fig:signal_injected_toy_p003_p0015_fit_results12' multipl
y defined.


LaTeX Warning: Label `fig:signal_injected_toy_p003_p0015_fit_results12@cref' mu
ltiply defined.


LaTeX Warning: Label `fig:signal_injected_toy_p003_beforeAfter_scramble' multip
ly defined.


LaTeX Warning: Label `fig:signal_injected_toy_p003_beforeAfter_scramble@cref' m
ultiply defined.


LaTeX Warning: Label `table:simultaneous_fits' multiply defined.


LaTeX Warning: Label `table:simultaneous_fits@cref' multiply defined.


LaTeX Warning: Label `fig:real_data_scrambled_oneDataset_Run2' multiply defined
.


LaTeX Warning: Label `fig:real_data_scrambled_oneDataset_Run2@cref' multiply de
fined.


LaTeX Warning: Label `table.results' multiply defined.


LaTeX Warning: Label `table.results@cref' multiply defined.


LaTeX Warning: Label `table.results' multiply defined.


LaTeX Warning: Label `table.results@cref' multiply defined.


LaTeX Warning: Label `fig:real_data_scrambled_oneDataset_combined' multiply def
ined.


LaTeX Warning: Label `fig:real_data_scrambled_oneDataset_combined@cref' multipl
y defined.


LaTeX Warning: Label `fig:real_data_scrambled_summary_data15p16' multiply defin
ed.


LaTeX Warning: Label `fig:real_data_scrambled_summary_data15p16@cref' multiply 
defined.


LaTeX Warning: Label `fig:real_data_scrambled_summary_data17' multiply defined.



LaTeX Warning: Label `fig:real_data_scrambled_summary_data17@cref' multiply def
ined.


LaTeX Warning: Label `fig:real_data_scrambled_summary_data18' multiply defined.



LaTeX Warning: Label `fig:real_data_scrambled_summary_data18@cref' multiply def
ined.


LaTeX Warning: Label `fig:real_data_scrambled_summary_combined' multiply define
d.


LaTeX Warning: Label `fig:real_data_scrambled_summary_combined@cref' multiply d
efined.


LaTeX Warning: Label `fig:real_data_scrambled_Spreads_Stats' multiply defined.


LaTeX Warning: Label `fig:real_data_scrambled_Spreads_Stats@cref' multiply defi
ned.


LaTeX Warning: Label `fig:real_data_scrambled_Spurious_signal' multiply defined
.


LaTeX Warning: Label `fig:real_data_scrambled_Spurious_signal@cref' multiply de
fined.


LaTeX Warning: Label `fig:real_data_scrambled_Spurious_signal' multiply defined
.


LaTeX Warning: Label `fig:real_data_scrambled_Spurious_signal@cref' multiply de
fined.

)
\openout1 = `ANA-EXOT-2021-37-INT1.aux'.

LaTeX Font Info:    Checking defaults for OML/ntxmi/m/it on input line 103.
LaTeX Font Info:    Trying to load font information for OML+ntxmi on input line
 103.
 (/usr/local/texlive/2025/texmf-dist/tex/latex/newtx/omlntxmi.fd
File: omlntxmi.fd 2015/08/25 Fontinst v1.933 font definitions for OML/ntxmi.
)
LaTeX Font Info:    ... okay on input line 103.
LaTeX Font Info:    Checking defaults for OMS/cmsy/m/n on input line 103.
LaTeX Font Info:    ... okay on input line 103.
LaTeX Font Info:    Checking defaults for OT1/cmr/m/n on input line 103.
LaTeX Font Info:    ... okay on input line 103.
LaTeX Font Info:    Checking defaults for T1/cmr/m/n on input line 103.
LaTeX Font Info:    ... okay on input line 103.
LaTeX Font Info:    Checking defaults for TS1/cmr/m/n on input line 103.
LaTeX Font Info:    ... okay on input line 103.
LaTeX Font Info:    Checking defaults for OMX/cmex/m/n on input line 103.
LaTeX Font Info:    ... okay on input line 103.
LaTeX Font Info:    Checking defaults for U/ntxexa/m/n on input line 103.
LaTeX Font Info:    Trying to load font information for U+ntxexa on input line 
103.

(/usr/local/texlive/2025/texmf-dist/tex/latex/newtx/untxexa.fd
File: untxexa.fd 2012/04/16 Fontinst v1.933 font definitions for U/ntxexa.
)
LaTeX Font Info:    ... okay on input line 103.
LaTeX Font Info:    Checking defaults for PD1/pdf/m/n on input line 103.
LaTeX Font Info:    ... okay on input line 103.
LaTeX Font Info:    Checking defaults for PU/pdf/m/n on input line 103.
LaTeX Font Info:    ... okay on input line 103.
LaTeX Font Info:    Checking defaults for LMS/ntxsy/m/n on input line 103.
LaTeX Font Info:    Trying to load font information for LMS+ntxsy on input line
 103.

(/usr/local/texlive/2025/texmf-dist/tex/latex/newtx/lmsntxsy.fd
File: lmsntxsy.fd 2016/07/02 Fontinst v1.933 font definitions for LMS/ntxsy.
)
LaTeX Font Info:    ... okay on input line 103.
LaTeX Font Info:    Checking defaults for LMX/ntxexx/m/n on input line 103.
LaTeX Font Info:    Trying to load font information for LMX+ntxexx on input lin
e 103.

(/usr/local/texlive/2025/texmf-dist/tex/latex/newtx/lmxntxexx.fd
File: lmxntxexx.fd 2016/07/03 Fontinst v1.933 font definitions for LMX/ntxexx.
)
LaTeX Font Info:    ... okay on input line 103.
Package scrbase Info: activating UKenglish \abstractname on input line 103.
Package scrbase Info: activating UKenglish \partname on input line 103.
Package scrbase Info: activating UKenglish \figurename on input line 103.
Package scrbase Info: activating UKenglish \tablename on input line 103.
Package scrbase Info: activating UKenglish \contentsname on input line 103.
Package scrbase Info: activating UKenglish \listfigurename on input line 103.
Package scrbase Info: activating UKenglish \listtablename on input line 103.
Package scrbase Info: activating UKenglish \refname on input line 103.
Package scrbase Info: activating UKenglish \indexname on input line 103.

(/usr/local/texlive/2025/texmf-dist/tex/context/base/mkii/supp-pdf.mkii
[Loading MPS to PDF converter (version 2006.09.02).]
\scratchcounter=\count512
\scratchdimen=\dimen322
\scratchbox=\box84
\nofMPsegments=\count513
\nofMParguments=\count514
\everyMPshowfont=\toks48
\MPscratchCnt=\count515
\MPscratchDim=\dimen323
\MPnumerator=\count516
\makeMPintoPDFobject=\count517
\everyMPtoPDFconversion=\toks49
) (/usr/local/texlive/2025/texmf-dist/tex/latex/epstopdf-pkg/epstopdf-base.sty
Package: epstopdf-base 2020-01-24 v2.11 Base part for package epstopdf
Package epstopdf-base Info: Redefining graphics rule for `.eps' on input line 4
85.

(/usr/local/texlive/2025/texmf-dist/tex/latex/latexconfig/epstopdf-sys.cfg
File: epstopdf-sys.cfg 2010/07/13 v1.3 Configuration of (r)epstopdf for TeX Liv
e
))
Package hyperref Info: Link coloring ON on input line 103.
\c@mv@tabular=\count518
\c@mv@boldtabular=\count519
LaTeX Info: Command `\dddot' is already robust on input line 103.
LaTeX Info: Command `\ddddot' is already robust on input line 103.

atlasdoc: this is an ATLAS draft document
(/usr/local/texlive/2025/texmf-dist/tex/latex/koma-script/scrlayer-scrpage.sty
Package: scrlayer-scrpage 2024/10/24 v3.43 KOMA-Script package (end user interf
ace for scrlayer)

(/usr/local/texlive/2025/texmf-dist/tex/latex/koma-script/scrlayer.sty
Package: scrlayer 2024/10/24 v3.43 KOMA-Script package (defining layers and pag
e styles)
Package scrlayer Info: patching LaTeX kernel macro \pagestyle on input line 218
2.
)
Package scrlayer-scrpage Info: Makeing stand-alone element `pagehead' from
(scrlayer-scrpage)             alias to `pageheadfoot' on input line 1106.
)
+++ atlasdoc: using lineno package fix
LaTeX Info: Redefining \microtypecontext on input line 103.
Package microtype Info: Applying patch `item' on input line 103.
Package microtype Info: Applying patch `toc' on input line 103.
Package microtype Info: Applying patch `eqnum' on input line 103.
Package microtype Info: Applying patch `footnote' on input line 103.
Package microtype Info: Applying patch `verbatim' on input line 103.
LaTeX Info: Redefining \microtypesetup on input line 103.
Package microtype Info: Generating PDF output.
Package microtype Info: Character protrusion enabled (level 2).
Package microtype Info: Using default protrusion set `alltext'.
Package microtype Info: Automatic font expansion enabled (level 2),
(microtype)             stretch: 20, shrink: 20, step: 1, non-selected.
Package microtype Info: Using default expansion set `alltext-nott'.
LaTeX Info: Redefining \showhyphens on input line 103.
Package microtype Info: No adjustment of tracking.
Package microtype Info: No adjustment of interword spacing.
Package microtype Info: No adjustment of character kerning.
Package microtype Info: Redefining babel's language switching commands.
(/usr/local/texlive/2025/texmf-dist/tex/latex/microtype/mt-ptm.cfg
File: mt-ptm.cfg 2006/04/20 v1.7 microtype config. file: Times (RS)
)
Package caption Info: Begin \AtBeginDocument code.
Package caption Info: subfig package v1.3 is loaded.
Package caption Info: End \AtBeginDocument code.

(/usr/local/texlive/2025/texmf-dist/tex/latex/translations/translations-basic-d
ictionary-english.trsl
File: translations-basic-dictionary-english.trsl (english translation file `tra
nslations-basic-dictionary')
)
Package biblatex Info: Trying to load language 'UKenglish'...
Package biblatex Info: ... file 'UKenglish.lbx' found.

(/usr/local/texlive/2025/texmf-dist/tex/latex/biblatex/lbx/UKenglish.lbx
File: UKenglish.lbx 2024/03/21 v3.20 biblatex localization (PK/MW)
Package biblatex Info: Trying to load language 'british'...
Package biblatex Info: ... file 'british.lbx' found.

(/usr/local/texlive/2025/texmf-dist/tex/latex/biblatex/lbx/british.lbx
File: british.lbx 2024/03/21 v3.20 biblatex localization (PK/MW)
)
Package biblatex Info: Trying to load language 'british'...
Package biblatex Info: ... file 'british.lbx' found.

(/usr/local/texlive/2025/texmf-dist/tex/latex/biblatex/lbx/british.lbx
File: british.lbx 2024/03/21 v3.20 biblatex localization (PK/MW)
Package biblatex Info: Trying to load language 'english'...
Package biblatex Info: ... file 'english.lbx' found.

(/usr/local/texlive/2025/texmf-dist/tex/latex/biblatex/lbx/english.lbx
File: english.lbx 2024/03/21 v3.20 biblatex localization (PK/MW)
)))
Package biblatex Info: Input encoding 'utf8' detected.
Package biblatex Info: Automatic encoding selection.
(biblatex)             Assuming data encoding 'utf8'.
\openout3 = `ANA-EXOT-2021-37-INT1.bcf'.

Package biblatex Info: Trying to load bibliographic data...
Package biblatex Info: ... file 'ANA-EXOT-2021-37-INT1.bbl' found.

(./ANA-EXOT-2021-37-INT1.bbl)
Package biblatex Info: Reference section=0 on input line 103.
Package biblatex Info: Reference segment=0 on input line 103.

atlasdoc: using ATLAS document title page
<logos/AT_atlaslogo_2015.pdf, id=7, 259.97125pt x 259.97125pt>
File: logos/AT_atlaslogo_2015.pdf Graphic file (type pdf)
<use logos/AT_atlaslogo_2015.pdf>
Package pdftex.def Info: logos/AT_atlaslogo_2015.pdf  used on input line 105.
(pdftex.def)             Requested size: 71.12935pt x 71.13188pt.
LaTeX Font Info:    Trying to load font information for OT1+qhv on input line 1
05.
(/usr/local/texlive/2025/texmf-dist/tex/latex/tex-gyre/ot1qhv.fd
File: ot1qhv.fd 2009/09/25 v1.2 font definition file for OT1/qhv
)
LaTeX Font Info:    Font shape `OT1/qhv/m/n' will be
(Font)              scaled to size 10.29301pt on input line 105.
Package microtype Info: Loading generic protrusion settings for font family
(microtype)             `qhv' (encoding: OT1).
(microtype)             For optimal results, create family-specific settings.
(microtype)             See the microtype manual for details.
LaTeX Font Info:    Font shape `OT1/qhv/m/n' will be
(Font)              scaled to size 10.34003pt on input line 105.
LaTeX Font Info:    Font shape `OT1/qhv/b/n' will be
(Font)              scaled to size 10.29301pt on input line 105.
LaTeX Font Info:    Font shape `OT1/qhv/b/n' will be
(Font)              scaled to size 18.80005pt on input line 105.

atlasdoc: using default heading
Package microtype Info: Loading generic protrusion settings for font family
(microtype)             `minntx' (encoding: OT1).
(microtype)             For optimal results, create family-specific settings.
(microtype)             See the microtype manual for details.
LaTeX Font Info:    Font shape `OT1/minntx/m/n' will be
(Font)              scaled to size 8.0pt on input line 105.
LaTeX Font Info:    Font shape `OT1/minntx/m/n' will be
(Font)              scaled to size 6.1pt on input line 105.
LaTeX Font Info:    Font shape `OML/ntxmi/m/it' will be
(Font)              scaled to size 10.95pt on input line 105.
LaTeX Font Info:    Font shape `OML/ntxmi/m/it' will be
(Font)              scaled to size 8.0pt on input line 105.
LaTeX Font Info:    Font shape `OML/ntxmi/m/it' will be
(Font)              scaled to size 6.1pt on input line 105.
LaTeX Font Info:    Font shape `LMS/ntxsy/m/n' will be
(Font)              scaled to size 10.95pt on input line 105.
LaTeX Font Info:    Font shape `LMS/ntxsy/m/n' will be
(Font)              scaled to size 8.0pt on input line 105.
LaTeX Font Info:    Font shape `LMS/ntxsy/m/n' will be
(Font)              scaled to size 6.1pt on input line 105.
LaTeX Font Info:    Font shape `LMX/ntxexx/m/n' will be
(Font)              scaled to size 10.95pt on input line 105.
LaTeX Font Info:    Font shape `LMX/ntxexx/m/n' will be
(Font)              scaled to size 8.0pt on input line 105.
LaTeX Font Info:    Font shape `LMX/ntxexx/m/n' will be
(Font)              scaled to size 6.1pt on input line 105.
LaTeX Font Info:    Trying to load font information for U+ntxmia on input line 
105.
(/usr/local/texlive/2025/texmf-dist/tex/latex/newtx/untxmia.fd
File: untxmia.fd 2024/04/09 Fontinst v1.933 font definitions for U/ntxmia.
)
LaTeX Font Info:    Font shape `U/ntxmia/m/it' will be
(Font)              scaled to size 10.95pt on input line 105.
LaTeX Font Info:    Font shape `U/ntxmia/m/it' will be
(Font)              scaled to size 8.0pt on input line 105.
LaTeX Font Info:    Font shape `U/ntxmia/m/it' will be
(Font)              scaled to size 6.1pt on input line 105.
LaTeX Font Info:    Trying to load font information for U+ntxsym on input line 
105.

(/usr/local/texlive/2025/texmf-dist/tex/latex/newtx/untxsym.fd
File: untxsym.fd 2023/08/16 Fontinst v1.933 font definitions for U/ntxsym.
)
LaTeX Font Info:    Font shape `U/ntxsym/m/n' will be
(Font)              scaled to size 10.95pt on input line 105.
LaTeX Font Info:    Font shape `U/ntxsym/m/n' will be
(Font)              scaled to size 8.0pt on input line 105.
LaTeX Font Info:    Font shape `U/ntxsym/m/n' will be
(Font)              scaled to size 6.1pt on input line 105.
LaTeX Font Info:    Trying to load font information for U+ntxsyc on input line 
105.

(/usr/local/texlive/2025/texmf-dist/tex/latex/newtx/untxsyc.fd
File: untxsyc.fd 2012/04/12 Fontinst v1.933 font definitions for U/ntxsyc.
)
LaTeX Font Info:    Font shape `U/ntxsyc/m/n' will be
(Font)              scaled to size 10.95pt on input line 105.
LaTeX Font Info:    Font shape `U/ntxsyc/m/n' will be
(Font)              scaled to size 8.0pt on input line 105.
LaTeX Font Info:    Font shape `U/ntxsyc/m/n' will be
(Font)              scaled to size 6.1pt on input line 105.
LaTeX Font Info:    Font shape `U/ntxexa/m/n' will be
(Font)              scaled to size 10.95pt on input line 105.
LaTeX Font Info:    Font shape `U/ntxexa/m/n' will be
(Font)              scaled to size 8.0pt on input line 105.
LaTeX Font Info:    Font shape `U/ntxexa/m/n' will be
(Font)              scaled to size 6.1pt on input line 105.
LaTeX Font Info:    Trying to load font information for U+msa on input line 105
.

(/usr/local/texlive/2025/texmf-dist/tex/latex/amsfonts/umsa.fd
File: umsa.fd 2013/01/14 v3.01 AMS symbols A
)
(/usr/local/texlive/2025/texmf-dist/tex/latex/microtype/mt-msa.cfg
File: mt-msa.cfg 2006/02/04 v1.1 microtype config. file: AMS symbols (a) (RS)
)
LaTeX Font Info:    Trying to load font information for U+msb on input line 105
.

(/usr/local/texlive/2025/texmf-dist/tex/latex/amsfonts/umsb.fd
File: umsb.fd 2013/01/14 v3.01 AMS symbols B
)
(/usr/local/texlive/2025/texmf-dist/tex/latex/microtype/mt-msb.cfg
File: mt-msb.cfg 2005/06/01 v1.0 microtype config. file: AMS symbols (b) (RS)
)
LaTeX Font Info:    Font shape `OT1/ntxtlf/m/n' will be
(Font)              scaled to size 14.4pt on input line 105.
<logos/AT_cernlogo.pdf, id=8, 85.31876pt x 83.31125pt>
File: logos/AT_cernlogo.pdf Graphic file (type pdf)
<use logos/AT_cernlogo.pdf>
Package pdftex.def Info: logos/AT_cernlogo.pdf  used on input line 105.
(pdftex.def)             Requested size: 72.85063pt x 71.13188pt.
LaTeX Font Info:    Font shape `OT1/ntxtlf/m/n' will be
(Font)              scaled to size 6.0pt on input line 105.
LaTeX Font Info:    Font shape `OT1/qhv/m/n' will be
(Font)              scaled to size 5.64001pt on input line 105.
LaTeX Font Info:    Font shape `OT1/ntxtlf/b/n' will be
(Font)              scaled to size 10.95pt on input line 105.
LaTeX Font Info:    Font shape `OT1/ntxtlf/b/n' will be
(Font)              scaled to size 20.74pt on input line 105.
LaTeX Font Info:    Font shape `OT1/ntxtlf/m/n' will be
(Font)              scaled to size 20.74pt on input line 105.
LaTeX Font Info:    Font shape `OT1/ntxtlf/m/n' will be
(Font)              scaled to size 10.0pt on input line 105.
LaTeX Font Info:    Trying to load font information for TS1+ntxtlf on input lin
e 105.

(/usr/local/texlive/2025/texmf-dist/tex/latex/newtx/ts1ntxtlf.fd
File: ts1ntxtlf.fd 2015/01/18 v1.0 fd file for TS1/ntxtlf
)
LaTeX Font Info:    Font shape `TS1/ntxtlf/m/n' will be
(Font)              scaled to size 10.0pt on input line 105.


[1

{/usr/local/texlive/2025/texmf-var/fonts/map/pdftex/updmap/pdftex.map}{/usr/loc
al/texlive/2025/texmf-dist/fonts/enc/dvips/tex-gyre/q-rm.enc}{/usr/local/texliv
e/2025/texmf-dist/fonts/enc/dvips/newtx/ntx-ot1-tlf.enc}{/usr/local/texlive/202
5/texmf-dist/fonts/enc/dvips/tex-gyre/q-ts1.enc} <./logos/AT_atlaslogo_2015.pdf
> <./logos/AT_cernlogo.pdf>]
LaTeX Font Info:    Font shape `OT1/ntxtlf/b/n' will be
(Font)              scaled to size 14.4pt on input line 107.
Package tocbasic Info: character protrusion at toc deactivated on input line 10
7.
 (./ANA-EXOT-2021-37-INT1.toc
LaTeX Font Info:    Font shape `OT1/minntx/b/n' will be
(Font)              scaled to size 10.95pt on input line 2.
LaTeX Font Info:    Font shape `OT1/minntx/b/n' will be
(Font)              scaled to size 8.0pt on input line 2.
LaTeX Font Info:    Font shape `OT1/minntx/b/n' will be
(Font)              scaled to size 6.1pt on input line 2.
LaTeX Font Info:    Font shape `OML/ntxmi/b/it' will be
(Font)              scaled to size 10.95pt on input line 2.
LaTeX Font Info:    Font shape `OML/ntxmi/b/it' will be
(Font)              scaled to size 8.0pt on input line 2.
LaTeX Font Info:    Font shape `OML/ntxmi/b/it' will be
(Font)              scaled to size 6.1pt on input line 2.
LaTeX Font Info:    Font shape `LMS/ntxsy/b/n' will be
(Font)              scaled to size 10.95pt on input line 2.
LaTeX Font Info:    Font shape `LMS/ntxsy/b/n' will be
(Font)              scaled to size 8.0pt on input line 2.
LaTeX Font Info:    Font shape `LMS/ntxsy/b/n' will be
(Font)              scaled to size 6.1pt on input line 2.
LaTeX Font Info:    Font shape `LMX/ntxexx/b/n' will be
(Font)              scaled to size 10.95pt on input line 2.
LaTeX Font Info:    Font shape `LMX/ntxexx/b/n' will be
(Font)              scaled to size 8.0pt on input line 2.
LaTeX Font Info:    Font shape `LMX/ntxexx/b/n' will be
(Font)              scaled to size 6.1pt on input line 2.
LaTeX Font Info:    Font shape `U/ntxmia/b/it' will be
(Font)              scaled to size 10.95pt on input line 2.
LaTeX Font Info:    Font shape `U/ntxmia/b/it' will be
(Font)              scaled to size 8.0pt on input line 2.
LaTeX Font Info:    Font shape `U/ntxmia/b/it' will be
(Font)              scaled to size 6.1pt on input line 2.
LaTeX Font Info:    Font shape `U/ntxsym/b/n' will be
(Font)              scaled to size 10.95pt on input line 2.
LaTeX Font Info:    Font shape `U/ntxsym/b/n' will be
(Font)              scaled to size 8.0pt on input line 2.
LaTeX Font Info:    Font shape `U/ntxsym/b/n' will be
(Font)              scaled to size 6.1pt on input line 2.
LaTeX Font Info:    Font shape `U/ntxsyc/b/n' will be
(Font)              scaled to size 10.95pt on input line 2.
LaTeX Font Info:    Font shape `U/ntxsyc/b/n' will be
(Font)              scaled to size 8.0pt on input line 2.
LaTeX Font Info:    Font shape `U/ntxsyc/b/n' will be
(Font)              scaled to size 6.1pt on input line 2.
LaTeX Font Info:    Font shape `U/ntxexa/b/n' will be
(Font)              scaled to size 10.95pt on input line 2.
LaTeX Font Info:    Font shape `U/ntxexa/b/n' will be
(Font)              scaled to size 8.0pt on input line 2.
LaTeX Font Info:    Font shape `U/ntxexa/b/n' will be
(Font)              scaled to size 6.1pt on input line 2.


[2]
LaTeX Font Info:    Font shape `OT1/ntxtlf/b/n' will be
(Font)              scaled to size 12.0pt on input line 66.
LaTeX Font Info:    Font shape `OT1/ntxtlf/m/n' will be
(Font)              scaled to size 12.0pt on input line 66.
)
\tf@toc=\write5
\openout5 = `ANA-EXOT-2021-37-INT1.toc'.



[3] (./sections/Sec_Motivation.tex

LaTeX Warning: Citation 'datatables' on page 4 undefined on input line 97.



[4


]

LaTeX Warning: Citation 'Lunghi_2021' on page 5 undefined on input line 119.

<figs/intro_theory/coeff_bounds.pdf, id=186, 361.35pt x 234.8775pt>
File: figs/intro_theory/coeff_bounds.pdf Graphic file (type pdf)
<use figs/intro_theory/coeff_bounds.pdf>
Package pdftex.def Info: figs/intro_theory/coeff_bounds.pdf  used on input line
 133.
(pdftex.def)             Requested size: 289.0804pt x 187.90225pt.
LaTeX Font Info:    Font shape `OT1/minntx/m/n' will be
(Font)              scaled to size 10.0pt on input line 150.
LaTeX Font Info:    Font shape `OT1/minntx/m/n' will be
(Font)              scaled to size 7.3pt on input line 150.
LaTeX Font Info:    Font shape `OT1/minntx/m/n' will be
(Font)              scaled to size 5.5pt on input line 150.
LaTeX Font Info:    Font shape `OML/ntxmi/m/it' will be
(Font)              scaled to size 10.0pt on input line 150.
LaTeX Font Info:    Font shape `OML/ntxmi/m/it' will be
(Font)              scaled to size 7.3pt on input line 150.
LaTeX Font Info:    Font shape `OML/ntxmi/m/it' will be
(Font)              scaled to size 5.5pt on input line 150.
LaTeX Font Info:    Font shape `LMS/ntxsy/m/n' will be
(Font)              scaled to size 10.0pt on input line 150.
LaTeX Font Info:    Font shape `LMS/ntxsy/m/n' will be
(Font)              scaled to size 7.3pt on input line 150.
LaTeX Font Info:    Font shape `LMS/ntxsy/m/n' will be
(Font)              scaled to size 5.5pt on input line 150.
LaTeX Font Info:    Font shape `LMX/ntxexx/m/n' will be
(Font)              scaled to size 10.0pt on input line 150.
LaTeX Font Info:    Font shape `LMX/ntxexx/m/n' will be
(Font)              scaled to size 7.3pt on input line 150.
LaTeX Font Info:    Font shape `LMX/ntxexx/m/n' will be
(Font)              scaled to size 5.5pt on input line 150.
LaTeX Font Info:    Font shape `U/ntxmia/m/it' will be
(Font)              scaled to size 10.0pt on input line 150.
LaTeX Font Info:    Font shape `U/ntxmia/m/it' will be
(Font)              scaled to size 7.3pt on input line 150.
LaTeX Font Info:    Font shape `U/ntxmia/m/it' will be
(Font)              scaled to size 5.5pt on input line 150.
LaTeX Font Info:    Font shape `U/ntxsym/m/n' will be
(Font)              scaled to size 10.0pt on input line 150.
LaTeX Font Info:    Font shape `U/ntxsym/m/n' will be
(Font)              scaled to size 7.3pt on input line 150.
LaTeX Font Info:    Font shape `U/ntxsym/m/n' will be
(Font)              scaled to size 5.5pt on input line 150.
LaTeX Font Info:    Font shape `U/ntxsyc/m/n' will be
(Font)              scaled to size 10.0pt on input line 150.
LaTeX Font Info:    Font shape `U/ntxsyc/m/n' will be
(Font)              scaled to size 7.3pt on input line 150.
LaTeX Font Info:    Font shape `U/ntxsyc/m/n' will be
(Font)              scaled to size 5.5pt on input line 150.
LaTeX Font Info:    Font shape `U/ntxexa/m/n' will be
(Font)              scaled to size 10.0pt on input line 150.
LaTeX Font Info:    Font shape `U/ntxexa/m/n' will be
(Font)              scaled to size 7.3pt on input line 150.
LaTeX Font Info:    Font shape `U/ntxexa/m/n' will be
(Font)              scaled to size 5.5pt on input line 150.

LaTeX Warning: Citation 'Lunghi_2021' on page 5 undefined on input line 150.

LaTeX Font Info:    Font shape `OT1/ntxtlf/b/n' will be
(Font)              scaled to size 10.0pt on input line 150.

LaTeX Warning: Citation 'Lunghi_2021' on page 5 undefined on input line 150.

)

[5 <./figs/intro_theory/coeff_bounds.pdf>] (./sections/Sec_Theory.tex

LaTeX Warning: Citation 'Kostelecky:1988zi' on page 6 undefined on input line 1
2.


LaTeX Warning: Citation 'Kostelecky:1991ak' on page 6 undefined on input line 1
2.


LaTeX Warning: Citation 'Kostelecky:1991ak' on page 6 undefined on input line 1
5.

LaTeX Font Info:    Font shape `OT1/ntxtlf/m/n' will be
(Font)              scaled to size 8.0pt on input line 19.
LaTeX Font Info:    Font shape `OT1/ntxtlf/m/n' will be
(Font)              scaled to size 6.1pt on input line 19.

LaTeX Warning: Citation 'Ellis:2008gg' on page 6 undefined on input line 45.


LaTeX Warning: Citation 'Gliozzi:2011hj' on page 6 undefined on input line 45.


LaTeX Warning: Citation 'Hashimoto:2012ig' on page 6 undefined on input line 45
.


LaTeX Warning: Citation 'Gambini:2014kba' on page 6 undefined on input line 46.



LaTeX Warning: Citation 'Rovelli:2010ed' on page 6 undefined on input line 46.


LaTeX Warning: Citation 'Carroll:2001ws' on page 6 undefined on input line 48.


LaTeX Warning: Citation 'Carlson:2001sw' on page 6 undefined on input line 48.


LaTeX Warning: Citation 'Calmet:2004ii' on page 6 undefined on input line 48.


LaTeX Warning: Citation 'Calmet:2004dn' on page 6 undefined on input line 48.


LaTeX Warning: Citation 'Bailey:2018ifc' on page 6 undefined on input line 48.


LaTeX Warning: Citation 'Carroll:1989vb' on page 6 undefined on input line 50.


LaTeX Warning: Citation 'Coleman:1998ti' on page 6 undefined on input line 50.


LaTeX Warning: Citation 'Kostelecky:2020hbb' on page 6 undefined on input line 
53.


LaTeX Warning: Citation 'Kostelecky:2021xhb' on page 6 undefined on input line 
53.


LaTeX Warning: Citation 'Kostelecky:2021tdf' on page 6 undefined on input line 
53.


LaTeX Warning: Citation 'deRham:2014zqa' on page 6 undefined on input line 53.


LaTeX Warning: Citation 'Horava:2009uw' on page 6 undefined on input line 53.


LaTeX Warning: Citation 'Bluhm:2004ep' on page 6 undefined on input line 53.


LaTeX Warning: Citation 'Bluhm:2007bd' on page 6 undefined on input line 53.


LaTeX Warning: Citation 'Bluhm:2014oua' on page 6 undefined on input line 53.


Overfull \hbox (41.54889pt too wide) in paragraph at lines 41--61
[]\OT1/ntxtlf/m/n/10.95 (-20) , [], [], [], [], [],
 []


LaTeX Warning: Citation 'ck97' on page 6 undefined on input line 77.

LaTeX Font Info:    Font shape `OT1/ntxtlf/m/it' will be
(Font)              scaled to size 10.95pt on input line 78.


[6

]

LaTeX Warning: Citation 'Weinberg:2009bg' on page 7 undefined on input line 128
.


LaTeX Warning: Citation 'ck96' on page 7 undefined on input line 130.


LaTeX Warning: Citation 'ck98' on page 7 undefined on input line 130.

LaTeX Font Info:    Font shape `OT1/ntxtlf/m/n' will be
(Font)              scaled to size 9.0pt on input line 145.
LaTeX Font Info:    Font shape `OT1/minntx/m/n' will be
(Font)              scaled to size 9.0pt on input line 145.
LaTeX Font Info:    Font shape `OT1/minntx/m/n' will be
(Font)              scaled to size 6.6pt on input line 145.
LaTeX Font Info:    Font shape `OML/ntxmi/m/it' will be
(Font)              scaled to size 9.0pt on input line 145.
LaTeX Font Info:    Font shape `OML/ntxmi/m/it' will be
(Font)              scaled to size 6.6pt on input line 145.
LaTeX Font Info:    Font shape `LMS/ntxsy/m/n' will be
(Font)              scaled to size 9.0pt on input line 145.
LaTeX Font Info:    Font shape `LMS/ntxsy/m/n' will be
(Font)              scaled to size 6.6pt on input line 145.
LaTeX Font Info:    Font shape `LMX/ntxexx/m/n' will be
(Font)              scaled to size 9.0pt on input line 145.
LaTeX Font Info:    Font shape `LMX/ntxexx/m/n' will be
(Font)              scaled to size 6.6pt on input line 145.
LaTeX Font Info:    Font shape `U/ntxmia/m/it' will be
(Font)              scaled to size 9.0pt on input line 145.
LaTeX Font Info:    Font shape `U/ntxmia/m/it' will be
(Font)              scaled to size 6.6pt on input line 145.
LaTeX Font Info:    Font shape `U/ntxsym/m/n' will be
(Font)              scaled to size 9.0pt on input line 145.
LaTeX Font Info:    Font shape `U/ntxsym/m/n' will be
(Font)              scaled to size 6.6pt on input line 145.
LaTeX Font Info:    Font shape `U/ntxsyc/m/n' will be
(Font)              scaled to size 9.0pt on input line 145.
LaTeX Font Info:    Font shape `U/ntxsyc/m/n' will be
(Font)              scaled to size 6.6pt on input line 145.
LaTeX Font Info:    Font shape `U/ntxexa/m/n' will be
(Font)              scaled to size 9.0pt on input line 145.
LaTeX Font Info:    Font shape `U/ntxexa/m/n' will be
(Font)              scaled to size 6.6pt on input line 145.
LaTeX Font Info:    Font shape `OT1/ntxtlf/m/n' will be
(Font)              scaled to size 6.6pt on input line 145.

LaTeX Warning: Citation 'ck97' on page 7 undefined on input line 155.


LaTeX Warning: Citation 'owg' on page 7 undefined on input line 155.



[7]

LaTeX Warning: Citation 'datatables' on page 8 undefined on input line 196.


LaTeX Warning: Citation 'Kostelecky:1997mh' on page 8 undefined on input line 2
24.


LaTeX Warning: Citation 'Kostelecky:1999bm' on page 8 undefined on input line 2
24.


LaTeX Warning: Citation 'Kostelecky:2000ku' on page 8 undefined on input line 2
24.


LaTeX Warning: Citation 'Isgur:2001yz' on page 8 undefined on input line 224.


LaTeX Warning: Citation 'Nguyen:2001tg' on page 8 undefined on input line 224.


LaTeX Warning: Citation 'Babusci:2013gda' on page 8 undefined on input line 224
.


LaTeX Warning: Citation 'Kostelecky:2001ff' on page 8 undefined on input line 2
24.


LaTeX Warning: Citation 'Aubert:2007bp' on page 8 undefined on input line 224.


LaTeX Warning: Citation 'Kostelecky:2010bk' on page 8 undefined on input line 2
24.


LaTeX Warning: Citation 'Abazov:2015ana' on page 8 undefined on input line 224.



LaTeX Warning: Citation 'Aaij:2016mos' on page 8 undefined on input line 224.


LaTeX Warning: Citation 'Roberts:2017tmo' on page 8 undefined on input line 224
.


LaTeX Warning: Citation 'Schubert:2016xul' on page 8 undefined on input line 22
4.


LaTeX Warning: Citation 'Altschul:2019beo' on page 8 undefined on input line 22
4.


LaTeX Warning: Citation 'Edwards:2018lsn' on page 8 undefined on input line 227
.


LaTeX Warning: Citation 'Edwards:2019lfb' on page 8 undefined on input line 227
.


LaTeX Warning: Citation 'Kamand:2016xhv' on page 8 undefined on input line 236.



LaTeX Warning: Citation 'Kamand:2017bzl' on page 8 undefined on input line 236.



LaTeX Warning: Citation 'Altschul:2019beo' on page 8 undefined on input line 23
6.


LaTeX Warning: Citation 'Noordmans:2016pkr' on page 8 undefined on input line 2
36.


LaTeX Warning: Citation 'Noordmans:2017kji' on page 8 undefined on input line 2
36.


LaTeX Warning: Citation 'Gagnon:2004xh' on page 8 undefined on input line 241.


LaTeX Warning: Citation 'Altschul:2006uw' on page 8 undefined on input line 241
.


LaTeX Warning: Citation 'Kostelecky:2013rta' on page 8 undefined on input line 
241.


LaTeX Warning: Citation 'Schreck:2017isa' on page 8 undefined on input line 241
.


LaTeX Warning: Citation 'Karpikov:2016qvq' on page 8 undefined on input line 24
6.


LaTeX Warning: Citation 'Berger:2015yha' on page 8 undefined on input line 248.



LaTeX Warning: Citation 'Abazov:2012iu' on page 8 undefined on input line 248.


LaTeX Warning: Citation 'Carle:2019ouy' on page 8 undefined on input line 248.


LaTeX Warning: Citation 'Satunin:2017wmk' on page 8 undefined on input line 249
.


LaTeX Warning: Citation 'Altschul:2020wkw' on page 8 undefined on input line 25
0.


Overfull \hbox (27.7081pt too wide) in paragraph at lines 214--251
[]\OT1/ntxtlf/m/n/10.95 (-20) , [], [], [], [], [],
 []


Overfull \hbox (1.96124pt too wide) in paragraph at lines 214--251
\OT1/ntxtlf/m/n/10.95 (-20) [[], [], [], [], []].
 []


LaTeX Warning: Citation 'Altschul:2009xh' on page 8 undefined on input line 265
.


LaTeX Warning: Citation 'Altschul:2010na' on page 8 undefined on input line 265
.


LaTeX Warning: Citation 'kl19' on page 8 undefined on input line 265.


LaTeX Warning: Citation 'Abazov:2012iu' on page 8 undefined on input line 277.


LaTeX Warning: Citation 'Kostelecky:2016pyx' on page 8 undefined on input line 
288.


LaTeX Warning: Citation 'Lunghi:2018uwj' on page 8 undefined on input line 288.



LaTeX Warning: Citation 'Kostelecky:2019fse' on page 8 undefined on input line 
288.


LaTeX Warning: Citation 'lssv21' on page 8 undefined on input line 288.


LaTeX Warning: Citation 'Fu:2016fmf' on page 8 undefined on input line 291.


LaTeX Warning: Citation 'Colladay:2017zen' on page 8 undefined on input line 29
1.


LaTeX Warning: Citation 'Michel:2019tti' on page 8 undefined on input line 291.




[8]

LaTeX Warning: Citation 'Kostelecky:2016pyx' on page 9 undefined on input line 
295.


LaTeX Warning: Citation 'Lunghi:2018uwj' on page 9 undefined on input line 295.



LaTeX Warning: Citation 'Kostelecky:2019fse' on page 9 undefined on input line 
295.


LaTeX Warning: Citation 'lssv21' on page 9 undefined on input line 295.

LaTeX Font Info:    Font shape `OT1/minntx/m/n' will be
(Font)              scaled to size 6.5pt on input line 319.
LaTeX Font Info:    Font shape `OML/ntxmi/m/it' will be
(Font)              scaled to size 6.5pt on input line 319.
LaTeX Font Info:    Font shape `LMS/ntxsy/m/n' will be
(Font)              scaled to size 6.5pt on input line 319.
LaTeX Font Info:    Font shape `LMX/ntxexx/m/n' will be
(Font)              scaled to size 6.5pt on input line 319.
LaTeX Font Info:    Font shape `U/ntxmia/m/it' will be
(Font)              scaled to size 6.5pt on input line 319.
LaTeX Font Info:    Font shape `U/ntxsym/m/n' will be
(Font)              scaled to size 6.5pt on input line 319.
LaTeX Font Info:    Font shape `U/ntxsyc/m/n' will be
(Font)              scaled to size 6.5pt on input line 319.
LaTeX Font Info:    Font shape `U/ntxexa/m/n' will be
(Font)              scaled to size 6.5pt on input line 319.

LaTeX Warning: Citation 'ls18' on page 9 undefined on input line 374.



[9]

LaTeX Warning: Citation 'ls18' on page 10 undefined on input line 408.


LaTeX Warning: Citation 'klsv19' on page 10 undefined on input line 408.


LaTeX Warning: Citation 'Karpikov:2016qvq' on page 10 undefined on input line 4
14.


LaTeX Warning: Citation 'Kostelecky:2019fse' on page 10 undefined on input line
 426.


LaTeX Warning: Citation 'lssv21' on page 10 undefined on input line 426.


LaTeX Warning: Citation 'lssv21' on page 10 undefined on input line 449.

LaTeX Font Info:    Font shape `OT1/ntxtlf/b/n' will be
(Font)              scaled to size 9.0pt on input line 449.

LaTeX Warning: Citation 'lssv21' on page 10 undefined on input line 449.



[10]

LaTeX Warning: Citation 'ak04' on page 11 undefined on input line 535.


LaTeX Warning: Citation 'kd16' on page 11 undefined on input line 537.


LaTeX Warning: Citation 'km02' on page 11 undefined on input line 537.


LaTeX Warning: Citation 'k2000' on page 11 undefined on input line 537.


LaTeX Warning: Citation 'klv17' on page 11 undefined on input line 537.


LaTeX Warning: Citation 'ls18' on page 11 undefined on input line 537.


LaTeX Warning: Citation 'km09' on page 11 undefined on input line 537.

<figs/intro_theory/SCF_pic.pdf, id=260, 597.23125pt x 845.1575pt>
File: figs/intro_theory/SCF_pic.pdf Graphic file (type pdf)
<use figs/intro_theory/SCF_pic.pdf>
Package pdftex.def Info: figs/intro_theory/SCF_pic.pdf  used on input line 566.

(pdftex.def)             Requested size: 298.61488pt x 422.57771pt.

LaTeX Warning: Citation 'kd16' on page 11 undefined on input line 588.


LaTeX Warning: Citation 'kd16' on page 11 undefined on input line 588.


LaTeX Warning: `!h' float specifier changed to `!ht'.



[11]

[12 <./figs/intro_theory/SCF_pic.pdf>]

LaTeX Warning: Citation 'kd16' on page 13 undefined on input line 666.


LaTeX Warning: Citation 'km02' on page 13 undefined on input line 668.


LaTeX Warning: Citation 'k2000' on page 13 undefined on input line 670.


LaTeX Warning: Citation 'klv17' on page 13 undefined on input line 713.


LaTeX Warning: Citation 'ls18' on page 13 undefined on input line 713.



[13]

LaTeX Warning: Citation 'km09' on page 14 undefined on input line 763.

<figs/intro_theory/ATLASbj.png, id=301, 769.87625pt x 374.39874pt>
File: figs/intro_theory/ATLASbj.png Graphic file (type png)
<use figs/intro_theory/ATLASbj.png>
Package pdftex.def Info: figs/intro_theory/ATLASbj.png  used on input line 798.

(pdftex.def)             Requested size: 307.94504pt x 149.75684pt.
LaTeX Font Info:    Font shape `OT1/ntxtlf/m/n' will be
(Font)              scaled to size 7.3pt on input line 801.
LaTeX Font Info:    Font shape `OT1/ntxtlf/m/n' will be
(Font)              scaled to size 5.5pt on input line 801.

LaTeX Warning: `!h' float specifier changed to `!ht'.


Overfull \hbox (19.35081pt too wide) detected at line 818
[]
 []


Overfull \hbox (10.95pt too wide) in paragraph at lines 818--818
[] 
 []


Overfull \hbox (6.04958pt too wide) in paragraph at lines 818--829
\OT1/ntxtlf/m/n/10.95 (-20) We now ob-serve that the time de-pend-ence has been
 made ex-pli-cit through the func-tions $[]\LMS/ntxsy/m/n/10.95 ¹\OML/ntxmi/m/i
t/10.95 ![]T[]\LMS/ntxsy/m/n/10.95 º\OML/ntxmi/m/it/10.95 ; []\LMS/ntxsy/m/n/10
.95 ¹\OML/ntxmi/m/it/10.95 ![]T[]\LMS/ntxsy/m/n/10.95 º$\OT1/ntxtlf/m/n/10.95 (
-20) .
 []



[14]

[15 <./figs/intro_theory/ATLASbj.png>]

LaTeX Warning: Citation 'kd16' on page 16 undefined on input line 924.


LaTeX Warning: Citation 'kd16' on page 16 undefined on input line 952.



[16]
Overfull \hbox (17.98596pt too wide) in paragraph at lines 1001--1022
 [][] 
 []



[17]
<figs/SMEeffects.pdf, id=355, 569.12625pt x 407.5225pt>
File: figs/SMEeffects.pdf Graphic file (type pdf)
<use figs/SMEeffects.pdf>
Package pdftex.def Info: figs/SMEeffects.pdf  used on input line 1093.
(pdftex.def)             Requested size: 426.84364pt x 305.64111pt.


[18 <./figs/SMEeffects.pdf, page is rotated 90 degrees>]

LaTeX Warning: Citation 'Kostelecky:2019fse' on page 19 undefined on input line
 1127.


LaTeX Warning: Citation 'ZEUS:2022msi' on page 19 undefined on input line 1152.



LaTeX Warning: Citation 'Kostelecky:2019fse' on page 19 undefined on input line
 1152.


LaTeX Warning: Citation 'ZEUS:2022msi' on page 19 undefined on input line 1152.



LaTeX Warning: Citation 'ZEUS:2022msi' on page 19 undefined on input line 1152.



LaTeX Warning: Citation 'Kostelecky:2019fse' on page 19 undefined on input line
 1152.


LaTeX Warning: Citation 'ZEUS:2022msi' on page 19 undefined on input line 1152.



LaTeX Warning: Citation 'ZEUS:2022msi' on page 19 undefined on input line 1159.



LaTeX Warning: Citation 'LS24' on page 19 undefined on input line 1173.



[19])

[20] (./sections/Sec_Methodology.tex

LaTeX Warning: Citation 'ATL-DAPR-PUB-2021-001' on page 21 undefined on input l
ine 10.


LaTeX Warning: Reference `sec:Zcount_app' on page 21 undefined on input line 10
.


Underfull \hbox (badness 10000) in paragraph at lines 10--11

 []


LaTeX Warning: Citation 'ATLAS-CONF-2019-021' on page 21 undefined on input lin
e 12.


LaTeX Warning: Citation 'ATLAS:2019zci' on page 21 undefined on input line 21.


LaTeX Warning: Citation 'ATLAS-CONF-2019-021' on page 21 undefined on input lin
e 21.


LaTeX Warning: Citation 'ATL-DAPR-PUB-2021-001' on page 21 undefined on input l
ine 36.


Overfull \hbox (44.82626pt too wide) in paragraph at lines 36--37
[]$\OML/ntxmi/m/it/10.95 N[]$ \OT1/ntxtlf/m/n/10.95 (-20) is ob-tained after co
r-rect-ing fol-low-ing ef-fects which de-scribed in the pub-lic note[[]]: 
 []

LaTeX Font Info:    Font shape `TS1/ntxtlf/m/n' will be
(Font)              scaled to size 10.95pt on input line 39.


[21

]
Underfull \hbox (badness 10000) in paragraph at lines 47--48

 []



[22]

[23] (./sections/Sec_DataScrambling_3_StatAna.tex)
(./sections/App_profile_chi2.tex

[24]
<figs/App_profile_chi2/profile_chi2_rnd_sys_PlusOneSigma_shifts.pdf, id=474, 57
8.16pt x 289.08pt>
File: figs/App_profile_chi2/profile_chi2_rnd_sys_PlusOneSigma_shifts.pdf Graphi
c file (type pdf)
<use figs/App_profile_chi2/profile_chi2_rnd_sys_PlusOneSigma_shifts.pdf>
Package pdftex.def Info: figs/App_profile_chi2/profile_chi2_rnd_sys_PlusOneSigm
a_shifts.pdf  used on input line 33.
(pdftex.def)             Requested size: 206.22664pt x 103.11153pt.
<figs/App_profile_chi2/profile_chi2_shape_sys_du_XZ_shifts.pdf, id=475, 578.16p
t x 289.08pt>
File: figs/App_profile_chi2/profile_chi2_shape_sys_du_XZ_shifts.pdf Graphic fil
e (type pdf)
<use figs/App_profile_chi2/profile_chi2_shape_sys_du_XZ_shifts.pdf>
Package pdftex.def Info: figs/App_profile_chi2/profile_chi2_shape_sys_du_XZ_shi
fts.pdf  used on input line 34.
(pdftex.def)             Requested size: 206.22664pt x 103.11153pt.


[25]
<figs/App_profile_chi2/profile_chi2_rnd_sys_PlusOneSigma_ToyData_postfit.pdf, i
d=493, 578.16pt x 289.08pt>
File: figs/App_profile_chi2/profile_chi2_rnd_sys_PlusOneSigma_ToyData_postfit.p
df Graphic file (type pdf)
<use figs/App_profile_chi2/profile_chi2_rnd_sys_PlusOneSigma_ToyData_postfit.pd
f>
Package pdftex.def Info: figs/App_profile_chi2/profile_chi2_rnd_sys_PlusOneSigm
a_ToyData_postfit.pdf  used on input line 60.
(pdftex.def)             Requested size: 206.22664pt x 103.11153pt.
<figs/App_profile_chi2/profile_chi2_shape_sys_du_XZ_postfit.pdf, id=494, 578.16
pt x 289.08pt>
File: figs/App_profile_chi2/profile_chi2_shape_sys_du_XZ_postfit.pdf Graphic fi
le (type pdf)
<use figs/App_profile_chi2/profile_chi2_shape_sys_du_XZ_postfit.pdf>
Package pdftex.def Info: figs/App_profile_chi2/profile_chi2_shape_sys_du_XZ_pos
tfit.pdf  used on input line 61.
(pdftex.def)             Requested size: 206.22664pt x 103.11153pt.
<figs/App_profile_chi2/profile_chi2_rnd_sys_du_XZ.pdf, id=495, 433.62pt x 433.6
2pt>
File: figs/App_profile_chi2/profile_chi2_rnd_sys_du_XZ.pdf Graphic file (type p
df)
<use figs/App_profile_chi2/profile_chi2_rnd_sys_du_XZ.pdf>
Package pdftex.def Info: figs/App_profile_chi2/profile_chi2_rnd_sys_du_XZ.pdf  
used on input line 62.
(pdftex.def)             Requested size: 206.22664pt x 206.22968pt.
<figs/App_profile_chi2/profile_chi2_shape_sys_du_XZ.pdf, id=496, 433.62pt x 433
.62pt>
File: figs/App_profile_chi2/profile_chi2_shape_sys_du_XZ.pdf Graphic file (type
 pdf)
<use figs/App_profile_chi2/profile_chi2_shape_sys_du_XZ.pdf>
Package pdftex.def Info: figs/App_profile_chi2/profile_chi2_shape_sys_du_XZ.pdf
  used on input line 63.
(pdftex.def)             Requested size: 206.22664pt x 206.22968pt.
<figs/App_profile_chi2/profile_chi2_compare_fit_results.pdf, id=501, 578.16pt x
 433.62pt>
File: figs/App_profile_chi2/profile_chi2_compare_fit_results.pdf Graphic file (
type pdf)
<use figs/App_profile_chi2/profile_chi2_compare_fit_results.pdf>
Package pdftex.def Info: figs/App_profile_chi2/profile_chi2_compare_fit_results
.pdf  used on input line 75.
(pdftex.def)             Requested size: 274.97351pt x 206.22968pt.
))

[26 <./figs/App_profile_chi2/profile_chi2_rnd_sys_PlusOneSigma_shifts.pdf> <./f
igs/App_profile_chi2/profile_chi2_shape_sys_du_XZ_shifts.pdf>]

[27 <./figs/App_profile_chi2/profile_chi2_rnd_sys_PlusOneSigma_ToyData_postfit.
pdf> <./figs/App_profile_chi2/profile_chi2_shape_sys_du_XZ_postfit.pdf> <./figs
/App_profile_chi2/profile_chi2_rnd_sys_du_XZ.pdf> <./figs/App_profile_chi2/prof
ile_chi2_shape_sys_du_XZ.pdf> <./figs/App_profile_chi2/profile_chi2_compare_fit
_results.pdf>] (./sections/Sec_ToyStudy.tex
<figs/toy/fig_bin100_LIVxsec_0_random1_period1000_probe24_SigConfig0_LumiProf0_
h_start_time.pdf, id=969, 569.12625pt x 410.53375pt>
File: figs/toy/fig_bin100_LIVxsec_0_random1_period1000_probe24_SigConfig0_LumiP
rof0_h_start_time.pdf Graphic file (type pdf)
<use figs/toy/fig_bin100_LIVxsec_0_random1_period1000_probe24_SigConfig0_LumiPr
of0_h_start_time.pdf>
Package pdftex.def Info: figs/toy/fig_bin100_LIVxsec_0_random1_period1000_probe
24_SigConfig0_LumiProf0_h_start_time.pdf  used on input line 18.
(pdftex.def)             Requested size: 183.31102pt x 132.23167pt.
<figs/toy/fig_bin100_LIVxsec_0_random1_period1000_probe24_SigConfig0_LumiProf0_
h_lb_duration.pdf, id=970, 569.12625pt x 410.53375pt>
File: figs/toy/fig_bin100_LIVxsec_0_random1_period1000_probe24_SigConfig0_LumiP
rof0_h_lb_duration.pdf Graphic file (type pdf)
<use figs/toy/fig_bin100_LIVxsec_0_random1_period1000_probe24_SigConfig0_LumiPr
of0_h_lb_duration.pdf>
Package pdftex.def Info: figs/toy/fig_bin100_LIVxsec_0_random1_period1000_probe
24_SigConfig0_LumiProf0_h_lb_duration.pdf  used on input line 19.
(pdftex.def)             Requested size: 183.31102pt x 132.23167pt.


[28

 <./figs/toy/fig_bin100_LIVxsec_0_random1_period1000_probe24_SigConfig0_LumiPro
f0_h_start_time.pdf, page is rotated 90 degrees> <./figs/toy/fig_bin100_LIVxsec
_0_random1_period1000_probe24_SigConfig0_LumiProf0_h_lb_duration.pdf, page is r
otated 90 degrees>]
<figs/toy/fig_bin100_LIVxsec_0_random1_period1000_probe24_SigConfig0_LumiProf0_
h_sidereal_sec.pdf, id=1072, 569.12625pt x 410.53375pt>
File: figs/toy/fig_bin100_LIVxsec_0_random1_period1000_probe24_SigConfig0_LumiP
rof0_h_sidereal_sec.pdf Graphic file (type pdf)
<use figs/toy/fig_bin100_LIVxsec_0_random1_period1000_probe24_SigConfig0_LumiPr
of0_h_sidereal_sec.pdf>
Package pdftex.def Info: figs/toy/fig_bin100_LIVxsec_0_random1_period1000_probe
24_SigConfig0_LumiProf0_h_sidereal_sec.pdf  used on input line 43.
(pdftex.def)             Requested size: 183.31102pt x 132.23167pt.
<figs/toy/fig_bin100_LIVxsec_0_random1_period1000_probe24_SigConfig0_LumiProf0_
h_sidereal_phase.pdf, id=1073, 569.12625pt x 410.53375pt>
File: figs/toy/fig_bin100_LIVxsec_0_random1_period1000_probe24_SigConfig0_LumiP
rof0_h_sidereal_phase.pdf Graphic file (type pdf)
<use figs/toy/fig_bin100_LIVxsec_0_random1_period1000_probe24_SigConfig0_LumiPr
of0_h_sidereal_phase.pdf>
Package pdftex.def Info: figs/toy/fig_bin100_LIVxsec_0_random1_period1000_probe
24_SigConfig0_LumiProf0_h_sidereal_phase.pdf  used on input line 44.
(pdftex.def)             Requested size: 183.31102pt x 132.23167pt.
<figs/toy/fig_bin100_LIVxsec_0_random1_period1000_probe24_SigConfig0_LumiProf0_
h_intlumi_s_phase.pdf, id=1074, 569.12625pt x 410.53375pt>
File: figs/toy/fig_bin100_LIVxsec_0_random1_period1000_probe24_SigConfig0_LumiP
rof0_h_intlumi_s_phase.pdf Graphic file (type pdf)
<use figs/toy/fig_bin100_LIVxsec_0_random1_period1000_probe24_SigConfig0_LumiPr
of0_h_intlumi_s_phase.pdf>
Package pdftex.def Info: figs/toy/fig_bin100_LIVxsec_0_random1_period1000_probe
24_SigConfig0_LumiProf0_h_intlumi_s_phase.pdf  used on input line 50.
(pdftex.def)             Requested size: 183.31102pt x 132.23167pt.
<figs/toy/fig_bin100_LIVxsec_0_random1_period1000_probe24_SigConfig0_LumiProf0_
h_zcount_s_phase.pdf, id=1075, 569.12625pt x 410.53375pt>
File: figs/toy/fig_bin100_LIVxsec_0_random1_period1000_probe24_SigConfig0_LumiP
rof0_h_zcount_s_phase.pdf Graphic file (type pdf)
<use figs/toy/fig_bin100_LIVxsec_0_random1_period1000_probe24_SigConfig0_LumiPr
of0_h_zcount_s_phase.pdf>
Package pdftex.def Info: figs/toy/fig_bin100_LIVxsec_0_random1_period1000_probe
24_SigConfig0_LumiProf0_h_zcount_s_phase.pdf  used on input line 51.
(pdftex.def)             Requested size: 183.31102pt x 132.23167pt.
<figs/toy/fig_bin100_LIVxsec_0_random1_period1000_probe24_SigConfig0_LumiProf0_
ZcountDoubleRatioToIntegratedLumi.pdf, id=1078, 569.12625pt x 410.53375pt>
File: figs/toy/fig_bin100_LIVxsec_0_random1_period1000_probe24_SigConfig0_LumiP
rof0_ZcountDoubleRatioToIntegratedLumi.pdf Graphic file (type pdf)
<use figs/toy/fig_bin100_LIVxsec_0_random1_period1000_probe24_SigConfig0_LumiPr
of0_ZcountDoubleRatioToIntegratedLumi.pdf>
Package pdftex.def Info: figs/toy/fig_bin100_LIVxsec_0_random1_period1000_probe
24_SigConfig0_LumiProf0_ZcountDoubleRatioToIntegratedLumi.pdf  used on input li
ne 61.
(pdftex.def)             Requested size: 183.31102pt x 132.23167pt.
<figs/toy/fig_bin100_LIVxsec_0_random1_period1000_probe24_SigConfig0_LumiProf0_
h_proj_doubleratio.pdf, id=1081, 569.12625pt x 410.53375pt>
File: figs/toy/fig_bin100_LIVxsec_0_random1_period1000_probe24_SigConfig0_LumiP
rof0_h_proj_doubleratio.pdf Graphic file (type pdf)
<use figs/toy/fig_bin100_LIVxsec_0_random1_period1000_probe24_SigConfig0_LumiPr
of0_h_proj_doubleratio.pdf>
Package pdftex.def Info: figs/toy/fig_bin100_LIVxsec_0_random1_period1000_probe
24_SigConfig0_LumiProf0_h_proj_doubleratio.pdf  used on input line 70.
(pdftex.def)             Requested size: 183.31102pt x 132.23167pt.
<figs/toy/fig_bin100_LIVxsec_0_random1_period1000_probe24_SigConfig0_LumiProf0_
h_proj_pull.pdf, id=1082, 569.12625pt x 410.53375pt>
File: figs/toy/fig_bin100_LIVxsec_0_random1_period1000_probe24_SigConfig0_LumiP
rof0_h_proj_pull.pdf Graphic file (type pdf)
<use figs/toy/fig_bin100_LIVxsec_0_random1_period1000_probe24_SigConfig0_LumiPr
of0_h_proj_pull.pdf>
Package pdftex.def Info: figs/toy/fig_bin100_LIVxsec_0_random1_period1000_probe
24_SigConfig0_LumiProf0_h_proj_pull.pdf  used on input line 71.
(pdftex.def)             Requested size: 183.31102pt x 132.23167pt.
<figs/toy/fig_bin100_LIVxsec_1000_random0_period1000_probe24_SigConfig20_LumiPr
of0_ZcountDoubleRatioToIntegratedLumi.pdf, id=1086, 569.12625pt x 410.53375pt>
File: figs/toy/fig_bin100_LIVxsec_1000_random0_period1000_probe24_SigConfig20_L
umiProf0_ZcountDoubleRatioToIntegratedLumi.pdf Graphic file (type pdf)
<use figs/toy/fig_bin100_LIVxsec_1000_random0_period1000_probe24_SigConfig20_Lu
miProf0_ZcountDoubleRatioToIntegratedLumi.pdf>
Package pdftex.def Info: figs/toy/fig_bin100_LIVxsec_1000_random0_period1000_pr
obe24_SigConfig20_LumiProf0_ZcountDoubleRatioToIntegratedLumi.pdf  used on inpu
t line 95.
(pdftex.def)             Requested size: 183.31102pt x 132.23167pt.
<figs/toy/fig_bin100_LIVxsec_1000_random1_period1000_probe24_SigConfig20_LumiPr
of0_ZcountDoubleRatioToIntegratedLumi.pdf, id=1087, 569.12625pt x 410.53375pt>
File: figs/toy/fig_bin100_LIVxsec_1000_random1_period1000_probe24_SigConfig20_L
umiProf0_ZcountDoubleRatioToIntegratedLumi.pdf Graphic file (type pdf)
<use figs/toy/fig_bin100_LIVxsec_1000_random1_period1000_probe24_SigConfig20_Lu
miProf0_ZcountDoubleRatioToIntegratedLumi.pdf>
Package pdftex.def Info: figs/toy/fig_bin100_LIVxsec_1000_random1_period1000_pr
obe24_SigConfig20_LumiProf0_ZcountDoubleRatioToIntegratedLumi.pdf  used on inpu
t line 96.
(pdftex.def)             Requested size: 183.31102pt x 132.23167pt.


[29 <./figs/toy/fig_bin100_LIVxsec_0_random1_period1000_probe24_SigConfig0_Lumi
Prof0_h_sidereal_sec.pdf, page is rotated 90 degrees> <./figs/toy/fig_bin100_LI
Vxsec_0_random1_period1000_probe24_SigConfig0_LumiProf0_h_sidereal_phase.pdf, p
age is rotated 90 degrees> <./figs/toy/fig_bin100_LIVxsec_0_random1_period1000_
probe24_SigConfig0_LumiProf0_h_intlumi_s_phase.pdf, page is rotated 90 degrees>
 <./figs/toy/fig_bin100_LIVxsec_0_random1_period1000_probe24_SigConfig0_LumiPro
f0_h_zcount_s_phase.pdf, page is rotated 90 degrees>]

[30 <./figs/toy/fig_bin100_LIVxsec_0_random1_period1000_probe24_SigConfig0_Lumi
Prof0_ZcountDoubleRatioToIntegratedLumi.pdf, page is rotated 90 degrees> <./fig
s/toy/fig_bin100_LIVxsec_0_random1_period1000_probe24_SigConfig0_LumiProf0_h_pr
oj_doubleratio.pdf, page is rotated 90 degrees> <./figs/toy/fig_bin100_LIVxsec_
0_random1_period1000_probe24_SigConfig0_LumiProf0_h_proj_pull.pdf, page is rota
ted 90 degrees> <./figs/toy/fig_bin100_LIVxsec_1000_random0_period1000_probe24_
SigConfig20_LumiProf0_ZcountDoubleRatioToIntegratedLumi.pdf, page is rotated 90
 degrees> <./figs/toy/fig_bin100_LIVxsec_1000_random1_period1000_probe24_SigCon
fig20_LumiProf0_ZcountDoubleRatioToIntegratedLumi.pdf, page is rotated 90 degre
es>]
<figs/toy/fig_bin100_LIVxsec_0_random0_period1000_probe24_SigConfig0_LumiProf0_
ZcountDoubleRatioToIntegratedLumi.pdf, id=1492, 569.12625pt x 410.53375pt>
File: figs/toy/fig_bin100_LIVxsec_0_random0_period1000_probe24_SigConfig0_LumiP
rof0_ZcountDoubleRatioToIntegratedLumi.pdf Graphic file (type pdf)
<use figs/toy/fig_bin100_LIVxsec_0_random0_period1000_probe24_SigConfig0_LumiPr
of0_ZcountDoubleRatioToIntegratedLumi.pdf>
Package pdftex.def Info: figs/toy/fig_bin100_LIVxsec_0_random0_period1000_probe
24_SigConfig0_LumiProf0_ZcountDoubleRatioToIntegratedLumi.pdf  used on input li
ne 113.
(pdftex.def)             Requested size: 183.31102pt x 132.23167pt.
File: figs/toy/fig_bin100_LIVxsec_0_random1_period1000_probe24_SigConfig0_LumiP
rof0_ZcountDoubleRatioToIntegratedLumi.pdf Graphic file (type pdf)
<use figs/toy/fig_bin100_LIVxsec_0_random1_period1000_probe24_SigConfig0_LumiPr
of0_ZcountDoubleRatioToIntegratedLumi.pdf>
Package pdftex.def Info: figs/toy/fig_bin100_LIVxsec_0_random1_period1000_probe
24_SigConfig0_LumiProf0_ZcountDoubleRatioToIntegratedLumi.pdf  used on input li
ne 114.
(pdftex.def)             Requested size: 183.31102pt x 132.23167pt.
<figs/toy/res_1000_toy_nosignal_p0.pdf, id=1493, 569.12625pt x 410.53375pt>
File: figs/toy/res_1000_toy_nosignal_p0.pdf Graphic file (type pdf)
<use figs/toy/res_1000_toy_nosignal_p0.pdf>
Package pdftex.def Info: figs/toy/res_1000_toy_nosignal_p0.pdf  used on input l
ine 121.
(pdftex.def)             Requested size: 183.31102pt x 132.23167pt.
<figs/toy/res_1000_toy_nosignal_p1.pdf, id=1494, 569.12625pt x 410.53375pt>
File: figs/toy/res_1000_toy_nosignal_p1.pdf Graphic file (type pdf)
<use figs/toy/res_1000_toy_nosignal_p1.pdf>
Package pdftex.def Info: figs/toy/res_1000_toy_nosignal_p1.pdf  used on input l
ine 122.
(pdftex.def)             Requested size: 183.31102pt x 132.23167pt.
 (./sections/Sec_null_test.tex

[31 <./figs/toy/fig_bin100_LIVxsec_0_random0_period1000_probe24_SigConfig0_Lumi
Prof0_ZcountDoubleRatioToIntegratedLumi.pdf, page is rotated 90 degrees> <./fig
s/toy/res_1000_toy_nosignal_p0.pdf, page is rotated 90 degrees> <./figs/toy/res
_1000_toy_nosignal_p1.pdf, page is rotated 90 degrees>]
<figs/null_test/Null_test_pars.pdf, id=1634, 433.62pt x 433.62pt>
File: figs/null_test/Null_test_pars.pdf Graphic file (type pdf)
<use figs/null_test/Null_test_pars.pdf>
Package pdftex.def Info: figs/null_test/Null_test_pars.pdf  used on input line 
21.
(pdftex.def)             Requested size: 183.31102pt x 183.31012pt.
<figs/null_test/Null_test_err.pdf, id=1635, 433.62pt x 433.62pt>
File: figs/null_test/Null_test_err.pdf Graphic file (type pdf)
<use figs/null_test/Null_test_err.pdf>
Package pdftex.def Info: figs/null_test/Null_test_err.pdf  used on input line 2
2.
(pdftex.def)             Requested size: 183.31102pt x 183.31012pt.
<figs/null_test/Null_test_chi2_ndf.pdf, id=1636, 433.62pt x 433.62pt>
File: figs/null_test/Null_test_chi2_ndf.pdf Graphic file (type pdf)
<use figs/null_test/Null_test_chi2_ndf.pdf>
Package pdftex.def Info: figs/null_test/Null_test_chi2_ndf.pdf  used on input l
ine 23.
(pdftex.def)             Requested size: 183.31102pt x 183.31012pt.
<figs/null_test/Null_test_chi2_p0.pdf, id=1637, 433.62pt x 433.62pt>
File: figs/null_test/Null_test_chi2_p0.pdf Graphic file (type pdf)
<use figs/null_test/Null_test_chi2_p0.pdf>
Package pdftex.def Info: figs/null_test/Null_test_chi2_p0.pdf  used on input li
ne 24.
(pdftex.def)             Requested size: 183.31102pt x 183.31012pt.
)
(./sections/Sec_spurious_test.tex
<figs/spurious_test/Null_spurious_test_d0.pdf, id=1641, 433.62pt x 433.62pt>
File: figs/spurious_test/Null_spurious_test_d0.pdf Graphic file (type pdf)
<use figs/spurious_test/Null_spurious_test_d0.pdf>
Package pdftex.def Info: figs/spurious_test/Null_spurious_test_d0.pdf  used on 
input line 10.
(pdftex.def)             Requested size: 219.97461pt x 219.97876pt.
<figs/spurious_test/Null_spurious_test_d1.pdf, id=1642, 433.62pt x 433.62pt>
File: figs/spurious_test/Null_spurious_test_d1.pdf Graphic file (type pdf)
<use figs/spurious_test/Null_spurious_test_d1.pdf>
Package pdftex.def Info: figs/spurious_test/Null_spurious_test_d1.pdf  used on 
input line 11.
(pdftex.def)             Requested size: 219.97461pt x 219.97876pt.
<figs/spurious_test/Null_spurious_test_d2.pdf, id=1643, 433.62pt x 433.62pt>
File: figs/spurious_test/Null_spurious_test_d2.pdf Graphic file (type pdf)
<use figs/spurious_test/Null_spurious_test_d2.pdf>
Package pdftex.def Info: figs/spurious_test/Null_spurious_test_d2.pdf  used on 
input line 12.
(pdftex.def)             Requested size: 219.97461pt x 219.97876pt.
<figs/spurious_test/Null_spurious_test_d3.pdf, id=1644, 433.62pt x 433.62pt>
File: figs/spurious_test/Null_spurious_test_d3.pdf Graphic file (type pdf)
<use figs/spurious_test/Null_spurious_test_d3.pdf>
Package pdftex.def Info: figs/spurious_test/Null_spurious_test_d3.pdf  used on 
input line 13.
(pdftex.def)             Requested size: 219.97461pt x 219.97876pt.
<figs/spurious_test/Null_SigFit_summary_1000samples.pdf, id=1645, 415.16982pt x
 731.77327pt>
File: figs/spurious_test/Null_SigFit_summary_1000samples.pdf Graphic file (type
 pdf)
<use figs/spurious_test/Null_SigFit_summary_1000samples.pdf>
Package pdftex.def Info: figs/spurious_test/Null_SigFit_summary_1000samples.pdf
  used on input line 21.
(pdftex.def)             Requested size: 219.97461pt x 387.72633pt.
)

[32 <./figs/null_test/Null_test_pars.pdf> <./figs/null_test/Null_test_err.pdf> 
<./figs/null_test/Null_test_chi2_ndf.pdf> <./figs/null_test/Null_test_chi2_p0.p
df>]
<figs/toy/res_1000_toy_p0.pdf, id=1766, 569.12625pt x 410.53375pt>
File: figs/toy/res_1000_toy_p0.pdf Graphic file (type pdf)
<use figs/toy/res_1000_toy_p0.pdf>
Package pdftex.def Info: figs/toy/res_1000_toy_p0.pdf  used on input line 144.
(pdftex.def)             Requested size: 183.31102pt x 132.23167pt.
<figs/toy/res_1000_toy_p1.pdf, id=1767, 569.12625pt x 410.53375pt>
File: figs/toy/res_1000_toy_p1.pdf Graphic file (type pdf)
<use figs/toy/res_1000_toy_p1.pdf>
Package pdftex.def Info: figs/toy/res_1000_toy_p1.pdf  used on input line 145.
(pdftex.def)             Requested size: 183.31102pt x 132.23167pt.
<figs/toy/res_1000_toy_sig0p3_p0.pdf, id=1769, 569.12625pt x 410.53375pt>
File: figs/toy/res_1000_toy_sig0p3_p0.pdf Graphic file (type pdf)
<use figs/toy/res_1000_toy_sig0p3_p0.pdf>
Package pdftex.def Info: figs/toy/res_1000_toy_sig0p3_p0.pdf  used on input lin
e 155.
(pdftex.def)             Requested size: 183.31102pt x 132.23167pt.
<figs/toy/res_1000_toy_sig0p3_p1.pdf, id=1770, 569.12625pt x 410.53375pt>
File: figs/toy/res_1000_toy_sig0p3_p1.pdf Graphic file (type pdf)
<use figs/toy/res_1000_toy_sig0p3_p1.pdf>
Package pdftex.def Info: figs/toy/res_1000_toy_sig0p3_p1.pdf  used on input lin
e 156.
(pdftex.def)             Requested size: 183.31102pt x 132.23167pt.


[33 <./figs/spurious_test/Null_spurious_test_d0.pdf> <./figs/spurious_test/Null
_spurious_test_d1.pdf> <./figs/spurious_test/Null_spurious_test_d2.pdf> <./figs
/spurious_test/Null_spurious_test_d3.pdf>]
<figs/toy/sig_nbins_liv_1pb.pdf, id=1928, 569.12625pt x 208.78pt>
File: figs/toy/sig_nbins_liv_1pb.pdf Graphic file (type pdf)
<use figs/toy/sig_nbins_liv_1pb.pdf>
Package pdftex.def Info: figs/toy/sig_nbins_liv_1pb.pdf  used on input line 174
.
(pdftex.def)             Requested size: 366.62903pt x 134.50117pt.


[34 <./figs/spurious_test/Null_SigFit_summary_1000samples.pdf>]

[35 <./figs/toy/res_1000_toy_p0.pdf, page is rotated 90 degrees> <./figs/toy/re
s_1000_toy_p1.pdf, page is rotated 90 degrees> <./figs/toy/res_1000_toy_sig0p3_
p0.pdf, page is rotated 90 degrees> <./figs/toy/res_1000_toy_sig0p3_p1.pdf, pag
e is rotated 90 degrees> <./figs/toy/sig_nbins_liv_1pb.pdf, page is rotated 90 
degrees>]
<figs/toy/sig_periodscale_zoom.pdf, id=2193, 802.99197pt x 602.22592pt>
File: figs/toy/sig_periodscale_zoom.pdf Graphic file (type pdf)
<use figs/toy/sig_periodscale_zoom.pdf>
Package pdftex.def Info: figs/toy/sig_periodscale_zoom.pdf  used on input line 
194.
(pdftex.def)             Requested size: 274.97351pt x 206.22437pt.
<figs/toy/sig_periodscale2.pdf, id=2194, 802.99197pt x 602.22592pt>
File: figs/toy/sig_periodscale2.pdf Graphic file (type pdf)
<use figs/toy/sig_periodscale2.pdf>
Package pdftex.def Info: figs/toy/sig_periodscale2.pdf  used on input line 202.

(pdftex.def)             Requested size: 274.97351pt x 206.22437pt.


[36 <./figs/toy/sig_periodscale_zoom.pdf>]
<figs/toy/fig_bin100_LIVxsec_0_random1_period1000_probe24_SigConfig0_LumiProf1_
full_ZcountDoubleRatioToIntegratedLumi.pdf, id=2271, 569.12625pt x 410.53375pt>

File: figs/toy/fig_bin100_LIVxsec_0_random1_period1000_probe24_SigConfig0_LumiP
rof1_full_ZcountDoubleRatioToIntegratedLumi.pdf Graphic file (type pdf)
<use figs/toy/fig_bin100_LIVxsec_0_random1_period1000_probe24_SigConfig0_LumiPr
of1_full_ZcountDoubleRatioToIntegratedLumi.pdf>
Package pdftex.def Info: figs/toy/fig_bin100_LIVxsec_0_random1_period1000_probe
24_SigConfig0_LumiProf1_full_ZcountDoubleRatioToIntegratedLumi.pdf  used on inp
ut line 226.
(pdftex.def)             Requested size: 151.23473pt x 109.0916pt.
<figs/toy/fig_bin100_LIVxsec_0_random1_period1000_probe24_SigConfig101_LumiProf
1_full_ZcountDoubleRatioToIntegratedLumi.pdf, id=2272, 569.12625pt x 410.53375p
t>
File: figs/toy/fig_bin100_LIVxsec_0_random1_period1000_probe24_SigConfig101_Lum
iProf1_full_ZcountDoubleRatioToIntegratedLumi.pdf Graphic file (type pdf)
<use figs/toy/fig_bin100_LIVxsec_0_random1_period1000_probe24_SigConfig101_Lumi
Prof1_full_ZcountDoubleRatioToIntegratedLumi.pdf>
Package pdftex.def Info: figs/toy/fig_bin100_LIVxsec_0_random1_period1000_probe
24_SigConfig101_LumiProf1_full_ZcountDoubleRatioToIntegratedLumi.pdf  used on i
nput line 227.
(pdftex.def)             Requested size: 151.23473pt x 109.0916pt.
<figs/toy/fig_bin100_LIVxsec_0_random1_period1000_probe24_SigConfig201_LumiProf
1_full_ZcountDoubleRatioToIntegratedLumi.pdf, id=2273, 569.12625pt x 410.53375p
t>
File: figs/toy/fig_bin100_LIVxsec_0_random1_period1000_probe24_SigConfig201_Lum
iProf1_full_ZcountDoubleRatioToIntegratedLumi.pdf Graphic file (type pdf)
<use figs/toy/fig_bin100_LIVxsec_0_random1_period1000_probe24_SigConfig201_Lumi
Prof1_full_ZcountDoubleRatioToIntegratedLumi.pdf>
Package pdftex.def Info: figs/toy/fig_bin100_LIVxsec_0_random1_period1000_probe
24_SigConfig201_LumiProf1_full_ZcountDoubleRatioToIntegratedLumi.pdf  used on i
nput line 228.
(pdftex.def)             Requested size: 151.23473pt x 109.0916pt.


LaTeX Warning: Reference `fig:toy_large_signal' on page 37 undefined on input l
ine 236.

<figs/toy/fig_bin100_LIVxsec_577_random1_period1000_probe24_SigConfig29_LumiPro
f1_full_ZcountDoubleRatioToIntegratedLumi.pdf, id=2274, 569.12625pt x 410.53375
pt>
File: figs/toy/fig_bin100_LIVxsec_577_random1_period1000_probe24_SigConfig29_Lu
miProf1_full_ZcountDoubleRatioToIntegratedLumi.pdf Graphic file (type pdf)
<use figs/toy/fig_bin100_LIVxsec_577_random1_period1000_probe24_SigConfig29_Lum
iProf1_full_ZcountDoubleRatioToIntegratedLumi.pdf>
Package pdftex.def Info: figs/toy/fig_bin100_LIVxsec_577_random1_period1000_pro
be24_SigConfig29_LumiProf1_full_ZcountDoubleRatioToIntegratedLumi.pdf  used on 
input line 241.
(pdftex.def)             Requested size: 183.31102pt x 132.23167pt.
<figs/toy/fig_bin100_LIVxsec_577_random1_period1000_probe24_SigConfig26_LumiPro
f1_full_ZcountDoubleRatioToIntegratedLumi.pdf, id=2275, 569.12625pt x 410.53375
pt>
File: figs/toy/fig_bin100_LIVxsec_577_random1_period1000_probe24_SigConfig26_Lu
miProf1_full_ZcountDoubleRatioToIntegratedLumi.pdf Graphic file (type pdf)
<use figs/toy/fig_bin100_LIVxsec_577_random1_period1000_probe24_SigConfig26_Lum
iProf1_full_ZcountDoubleRatioToIntegratedLumi.pdf>
Package pdftex.def Info: figs/toy/fig_bin100_LIVxsec_577_random1_period1000_pro
be24_SigConfig26_LumiProf1_full_ZcountDoubleRatioToIntegratedLumi.pdf  used on 
input line 242.
(pdftex.def)             Requested size: 183.31102pt x 132.23167pt.
<figs/toy/Significance_Amplitude_for_d_YZ.png, id=2279, 697.31946pt x 333.81857
pt>
File: figs/toy/Significance_Amplitude_for_d_YZ.png Graphic file (type png)
<use figs/toy/Significance_Amplitude_for_d_YZ.png>
Package pdftex.def Info: figs/toy/Significance_Amplitude_for_d_YZ.png  used on 
input line 257.
(pdftex.def)             Requested size: 197.05899pt x 94.33447pt.
<figs/toy/Significance_Amplitude_for_d_XXYY.png, id=2280, 742.05803pt x 325.645
17pt>
File: figs/toy/Significance_Amplitude_for_d_XXYY.png Graphic file (type png)
<use figs/toy/Significance_Amplitude_for_d_XXYY.png>
Package pdftex.def Info: figs/toy/Significance_Amplitude_for_d_XXYY.png  used o
n input line 258.
(pdftex.def)             Requested size: 210.81396pt x 92.51169pt.
<figs/toy/Significance_Amplitude_for_d_XY.png, id=2281, 689.14607pt x 329.08661
pt>
File: figs/toy/Significance_Amplitude_for_d_XY.png Graphic file (type png)
<use figs/toy/Significance_Amplitude_for_d_XY.png>
Package pdftex.def Info: figs/toy/Significance_Amplitude_for_d_XY.png  used on 
input line 259.
(pdftex.def)             Requested size: 197.05899pt x 94.09695pt.
)

[37 <./figs/toy/sig_periodscale2.pdf>]

[38 <./figs/toy/fig_bin100_LIVxsec_0_random1_period1000_probe24_SigConfig0_Lumi
Prof1_full_ZcountDoubleRatioToIntegratedLumi.pdf, page is rotated 90 degrees> <
./figs/toy/fig_bin100_LIVxsec_0_random1_period1000_probe24_SigConfig101_LumiPro
f1_full_ZcountDoubleRatioToIntegratedLumi.pdf, page is rotated 90 degrees> <./f
igs/toy/fig_bin100_LIVxsec_0_random1_period1000_probe24_SigConfig201_LumiProf1_
full_ZcountDoubleRatioToIntegratedLumi.pdf, page is rotated 90 degrees> <./figs
/toy/fig_bin100_LIVxsec_577_random1_period1000_probe24_SigConfig29_LumiProf1_fu
ll_ZcountDoubleRatioToIntegratedLumi.pdf, page is rotated 90 degrees> <./figs/t
oy/fig_bin100_LIVxsec_577_random1_period1000_probe24_SigConfig26_LumiProf1_full
_ZcountDoubleRatioToIntegratedLumi.pdf, page is rotated 90 degrees>]

[39 <./figs/toy/Significance_Amplitude_for_d_YZ.png> <./figs/toy/Significance_A
mplitude_for_d_XXYY.png> <./figs/toy/Significance_Amplitude_for_d_XY.png>]
(./sections/Sec_DataScrambling_1_Methodology.tex)
(./sections/Sec_DataScrambling_3_Results.tex
<figs/partially_unblinded_results/fit_results_residual_12func_ll_c[u,X,Y]_toy10
_data15p16.pdf, id=2584, 569.12625pt x 552.0625pt>
File: figs/partially_unblinded_results/fit_results_residual_12func_ll_c[u,X,Y]_
toy10_data15p16.pdf Graphic file (type pdf)
<use figs/partially_unblinded_results/fit_results_residual_12func_ll_c[u,X,Y]_t
oy10_data15p16.pdf>
Package pdftex.def Info: figs/partially_unblinded_results/fit_results_residual_
12func_ll_c[u,X,Y]_toy10_data15p16.pdf  used on input line 32.
(pdftex.def)             Requested size: 206.22664pt x 200.04802pt.
<figs/partially_unblinded_results/fit_results_residual_12func_ll_c[u,X,Y]_toy10
_data17.pdf, id=2585, 569.12625pt x 552.0625pt>
File: figs/partially_unblinded_results/fit_results_residual_12func_ll_c[u,X,Y]_
toy10_data17.pdf Graphic file (type pdf)
<use figs/partially_unblinded_results/fit_results_residual_12func_ll_c[u,X,Y]_t
oy10_data17.pdf>
Package pdftex.def Info: figs/partially_unblinded_results/fit_results_residual_
12func_ll_c[u,X,Y]_toy10_data17.pdf  used on input line 33.
(pdftex.def)             Requested size: 206.22664pt x 200.04802pt.
<figs/partially_unblinded_results/fit_results_residual_12func_ll_c[u,X,Y]_toy10
_data18.pdf, id=2586, 569.12625pt x 552.0625pt>
File: figs/partially_unblinded_results/fit_results_residual_12func_ll_c[u,X,Y]_
toy10_data18.pdf Graphic file (type pdf)
<use figs/partially_unblinded_results/fit_results_residual_12func_ll_c[u,X,Y]_t
oy10_data18.pdf>
Package pdftex.def Info: figs/partially_unblinded_results/fit_results_residual_
12func_ll_c[u,X,Y]_toy10_data18.pdf  used on input line 34.
(pdftex.def)             Requested size: 206.22664pt x 200.04802pt.
<figs/partially_unblinded_results/fit_results_residual_12func_ll_c[u,X,Y]_toy10
_full.pdf, id=2587, 569.12625pt x 552.0625pt>
File: figs/partially_unblinded_results/fit_results_residual_12func_ll_c[u,X,Y]_
toy10_full.pdf Graphic file (type pdf)
<use figs/partially_unblinded_results/fit_results_residual_12func_ll_c[u,X,Y]_t
oy10_full.pdf>
Package pdftex.def Info: figs/partially_unblinded_results/fit_results_residual_
12func_ll_c[u,X,Y]_toy10_full.pdf  used on input line 35.
(pdftex.def)             Requested size: 206.22664pt x 200.04802pt.
<figs/partially_unblinded_results/fit_results_residual_12func_ll_c[u,X,Y]_toy10
_Combined.pdf, id=2588, 569.12625pt x 552.0625pt>
File: figs/partially_unblinded_results/fit_results_residual_12func_ll_c[u,X,Y]_
toy10_Combined.pdf Graphic file (type pdf)
<use figs/partially_unblinded_results/fit_results_residual_12func_ll_c[u,X,Y]_t
oy10_Combined.pdf>
Package pdftex.def Info: figs/partially_unblinded_results/fit_results_residual_
12func_ll_c[u,X,Y]_toy10_Combined.pdf  used on input line 47.
(pdftex.def)             Requested size: 274.97351pt x 266.73914pt.


[40

]

[41 <./figs/partially_unblinded_results/fit_results_residual_12func_ll_c[u,X,Y]
_toy10_data15p16.pdf, page is rotated 90 degrees> <./figs/partially_unblinded_r
esults/fit_results_residual_12func_ll_c[u,X,Y]_toy10_data17.pdf, page is rotate
d 90 degrees> <./figs/partially_unblinded_results/fit_results_residual_12func_l
l_c[u,X,Y]_toy10_data18.pdf, page is rotated 90 degrees> <./figs/partially_unbl
inded_results/fit_results_residual_12func_ll_c[u,X,Y]_toy10_full.pdf, page is r
otated 90 degrees>]
<figs/partially_unblinded_results/SigFit_summary_AllSamples_data15p16_ee.pdf, i
d=2785, 436.31004pt x 761.63483pt>
File: figs/partially_unblinded_results/SigFit_summary_AllSamples_data15p16_ee.p
df Graphic file (type pdf)
<use figs/partially_unblinded_results/SigFit_summary_AllSamples_data15p16_ee.pd
f>
Package pdftex.def Info: figs/partially_unblinded_results/SigFit_summary_AllSam
ples_data15p16_ee.pdf  used on input line 65.
(pdftex.def)             Requested size: 137.48676pt x 239.99759pt.
<figs/partially_unblinded_results/SigFit_summary_AllSamples_data15p16_uu.pdf, i
d=2786, 422.75941pt x 761.63483pt>
File: figs/partially_unblinded_results/SigFit_summary_AllSamples_data15p16_uu.p
df Graphic file (type pdf)
<use figs/partially_unblinded_results/SigFit_summary_AllSamples_data15p16_uu.pd
f>
Package pdftex.def Info: figs/partially_unblinded_results/SigFit_summary_AllSam
ples_data15p16_uu.pdf  used on input line 66.
(pdftex.def)             Requested size: 137.48676pt x 247.69109pt.
<figs/partially_unblinded_results/SigFit_summary_AllSamples_data15p16_ll.pdf, i
d=2787, 422.75941pt x 761.63483pt>
File: figs/partially_unblinded_results/SigFit_summary_AllSamples_data15p16_ll.p
df Graphic file (type pdf)
<use figs/partially_unblinded_results/SigFit_summary_AllSamples_data15p16_ll.pd
f>
Package pdftex.def Info: figs/partially_unblinded_results/SigFit_summary_AllSam
ples_data15p16_ll.pdf  used on input line 67.
(pdftex.def)             Requested size: 137.48676pt x 247.69109pt.
<figs/partially_unblinded_results/SigFit_summary_AllSamples_data17_ee.pdf, id=2
788, 422.75941pt x 761.63483pt>
File: figs/partially_unblinded_results/SigFit_summary_AllSamples_data17_ee.pdf 
Graphic file (type pdf)
<use figs/partially_unblinded_results/SigFit_summary_AllSamples_data17_ee.pdf>
Package pdftex.def Info: figs/partially_unblinded_results/SigFit_summary_AllSam
ples_data17_ee.pdf  used on input line 75.
(pdftex.def)             Requested size: 137.48676pt x 247.69109pt.
<figs/partially_unblinded_results/SigFit_summary_AllSamples_data17_uu.pdf, id=2
789, 436.31004pt x 761.63483pt>
File: figs/partially_unblinded_results/SigFit_summary_AllSamples_data17_uu.pdf 
Graphic file (type pdf)
<use figs/partially_unblinded_results/SigFit_summary_AllSamples_data17_uu.pdf>
Package pdftex.def Info: figs/partially_unblinded_results/SigFit_summary_AllSam
ples_data17_uu.pdf  used on input line 76.
(pdftex.def)             Requested size: 137.48676pt x 239.99759pt.
<figs/partially_unblinded_results/SigFit_summary_AllSamples_data17_ll.pdf, id=2
790, 422.75941pt x 761.63483pt>
File: figs/partially_unblinded_results/SigFit_summary_AllSamples_data17_ll.pdf 
Graphic file (type pdf)
<use figs/partially_unblinded_results/SigFit_summary_AllSamples_data17_ll.pdf>
Package pdftex.def Info: figs/partially_unblinded_results/SigFit_summary_AllSam
ples_data17_ll.pdf  used on input line 77.
(pdftex.def)             Requested size: 137.48676pt x 247.69109pt.
<figs/partially_unblinded_results/SigFit_summary_AllSamples_data18_ee.pdf, id=2
791, 430.78941pt x 761.63483pt>
File: figs/partially_unblinded_results/SigFit_summary_AllSamples_data18_ee.pdf 
Graphic file (type pdf)
<use figs/partially_unblinded_results/SigFit_summary_AllSamples_data18_ee.pdf>
Package pdftex.def Info: figs/partially_unblinded_results/SigFit_summary_AllSam
ples_data18_ee.pdf  used on input line 84.
(pdftex.def)             Requested size: 137.48676pt x 243.07732pt.
<figs/partially_unblinded_results/SigFit_summary_AllSamples_data18_uu.pdf, id=2
792, 436.31004pt x 761.63483pt>
File: figs/partially_unblinded_results/SigFit_summary_AllSamples_data18_uu.pdf 
Graphic file (type pdf)
<use figs/partially_unblinded_results/SigFit_summary_AllSamples_data18_uu.pdf>
Package pdftex.def Info: figs/partially_unblinded_results/SigFit_summary_AllSam
ples_data18_uu.pdf  used on input line 85.
(pdftex.def)             Requested size: 137.48676pt x 239.99759pt.
<figs/partially_unblinded_results/SigFit_summary_AllSamples_data18_ll.pdf, id=2
793, 436.31004pt x 761.63483pt>
File: figs/partially_unblinded_results/SigFit_summary_AllSamples_data18_ll.pdf 
Graphic file (type pdf)
<use figs/partially_unblinded_results/SigFit_summary_AllSamples_data18_ll.pdf>
Package pdftex.def Info: figs/partially_unblinded_results/SigFit_summary_AllSam
ples_data18_ll.pdf  used on input line 86.
(pdftex.def)             Requested size: 137.48676pt x 239.99759pt.
<figs/partially_unblinded_results/SigFit_summary_AllSamples_full_ee.pdf, id=279
4, 430.78941pt x 761.63483pt>
File: figs/partially_unblinded_results/SigFit_summary_AllSamples_full_ee.pdf Gr
aphic file (type pdf)
<use figs/partially_unblinded_results/SigFit_summary_AllSamples_full_ee.pdf>
Package pdftex.def Info: figs/partially_unblinded_results/SigFit_summary_AllSam
ples_full_ee.pdf  used on input line 94.
(pdftex.def)             Requested size: 137.48676pt x 243.07732pt.
<figs/partially_unblinded_results/SigFit_summary_AllSamples_full_uu.pdf, id=279
5, 416.73692pt x 761.63483pt>
File: figs/partially_unblinded_results/SigFit_summary_AllSamples_full_uu.pdf Gr
aphic file (type pdf)
<use figs/partially_unblinded_results/SigFit_summary_AllSamples_full_uu.pdf>
Package pdftex.def Info: figs/partially_unblinded_results/SigFit_summary_AllSam
ples_full_uu.pdf  used on input line 95.
(pdftex.def)             Requested size: 137.48676pt x 251.27054pt.
<figs/partially_unblinded_results/SigFit_summary_AllSamples_full_ll.pdf, id=279
6, 430.78941pt x 761.63483pt>
File: figs/partially_unblinded_results/SigFit_summary_AllSamples_full_ll.pdf Gr
aphic file (type pdf)
<use figs/partially_unblinded_results/SigFit_summary_AllSamples_full_ll.pdf>
Package pdftex.def Info: figs/partially_unblinded_results/SigFit_summary_AllSam
ples_full_ll.pdf  used on input line 96.
(pdftex.def)             Requested size: 137.48676pt x 243.07732pt.
<figs/partially_unblinded_results/SigFit_summary_AllSamples_Combined_ee.pdf, id
=2797, 416.73692pt x 761.63483pt>
File: figs/partially_unblinded_results/SigFit_summary_AllSamples_Combined_ee.pd
f Graphic file (type pdf)
<use figs/partially_unblinded_results/SigFit_summary_AllSamples_Combined_ee.pdf
>
Package pdftex.def Info: figs/partially_unblinded_results/SigFit_summary_AllSam
ples_Combined_ee.pdf  used on input line 105.
(pdftex.def)             Requested size: 137.48676pt x 251.27054pt.
<figs/partially_unblinded_results/SigFit_summary_AllSamples_Combined_uu.pdf, id
=2798, 416.73692pt x 761.63483pt>
File: figs/partially_unblinded_results/SigFit_summary_AllSamples_Combined_uu.pd
f Graphic file (type pdf)
<use figs/partially_unblinded_results/SigFit_summary_AllSamples_Combined_uu.pdf
>
Package pdftex.def Info: figs/partially_unblinded_results/SigFit_summary_AllSam
ples_Combined_uu.pdf  used on input line 106.
(pdftex.def)             Requested size: 137.48676pt x 251.27054pt.
<figs/partially_unblinded_results/SigFit_summary_AllSamples_Combined_ll.pdf, id
=2799, 422.75941pt x 761.63483pt>
File: figs/partially_unblinded_results/SigFit_summary_AllSamples_Combined_ll.pd
f Graphic file (type pdf)
<use figs/partially_unblinded_results/SigFit_summary_AllSamples_Combined_ll.pdf
>
Package pdftex.def Info: figs/partially_unblinded_results/SigFit_summary_AllSam
ples_Combined_ll.pdf  used on input line 107.
(pdftex.def)             Requested size: 137.48676pt x 247.69109pt.
LaTeX Font Info:    Font shape `OT1/minntx/m/it' will be
(Font)              scaled to size 10.95pt on input line 124.
LaTeX Font Info:    Font shape `OT1/minntx/m/it' will be
(Font)              scaled to size 8.0pt on input line 124.
LaTeX Font Info:    Font shape `OT1/minntx/m/it' will be
(Font)              scaled to size 6.1pt on input line 124.
LaTeX Font Info:    Font shape `OT1/minntx/m/it' will be
(Font)              scaled to size 10.0pt on input line 155.
LaTeX Font Info:    Font shape `OT1/minntx/m/it' will be
(Font)              scaled to size 7.3pt on input line 155.
LaTeX Font Info:    Font shape `OT1/minntx/m/it' will be
(Font)              scaled to size 5.5pt on input line 155.


[42]

[43 <./figs/partially_unblinded_results/fit_results_residual_12func_ll_c[u,X,Y]
_toy10_Combined.pdf, page is rotated 90 degrees> <./figs/partially_unblinded_re
sults/SigFit_summary_AllSamples_data15p16_ee.pdf> <./figs/partially_unblinded_r
esults/SigFit_summary_AllSamples_data15p16_uu.pdf> <./figs/partially_unblinded_
results/SigFit_summary_AllSamples_data15p16_ll.pdf>]

[44 <./figs/partially_unblinded_results/SigFit_summary_AllSamples_data17_ee.pdf
> <./figs/partially_unblinded_results/SigFit_summary_AllSamples_data17_uu.pdf> 
<./figs/partially_unblinded_results/SigFit_summary_AllSamples_data17_ll.pdf> <.
/figs/partially_unblinded_results/SigFit_summary_AllSamples_data18_ee.pdf> <./f
igs/partially_unblinded_results/SigFit_summary_AllSamples_data18_uu.pdf> <./fig
s/partially_unblinded_results/SigFit_summary_AllSamples_data18_ll.pdf>]

[45 <./figs/partially_unblinded_results/SigFit_summary_AllSamples_full_ee.pdf> 
<./figs/partially_unblinded_results/SigFit_summary_AllSamples_full_uu.pdf> <./f
igs/partially_unblinded_results/SigFit_summary_AllSamples_full_ll.pdf> <./figs/
partially_unblinded_results/SigFit_summary_AllSamples_Combined_ee.pdf> <./figs/
partially_unblinded_results/SigFit_summary_AllSamples_Combined_uu.pdf> <./figs/
partially_unblinded_results/SigFit_summary_AllSamples_Combined_ll.pdf>]

[46]

[47]

[48]
<figs/partially_unblinded_results/spread_stats_scrambled_data15p16_Ratio.pdf, i
d=3686, 802.99197pt x 602.22592pt>
File: figs/partially_unblinded_results/spread_stats_scrambled_data15p16_Ratio.p
df Graphic file (type pdf)
<use figs/partially_unblinded_results/spread_stats_scrambled_data15p16_Ratio.pd
f>
Package pdftex.def Info: figs/partially_unblinded_results/spread_stats_scramble
d_data15p16_Ratio.pdf  used on input line 268.
(pdftex.def)             Requested size: 206.22664pt x 154.66368pt.
<figs/partially_unblinded_results/spread_stats_scrambled_data17_Ratio.pdf, id=3
687, 802.99197pt x 602.22592pt>
File: figs/partially_unblinded_results/spread_stats_scrambled_data17_Ratio.pdf 
Graphic file (type pdf)
<use figs/partially_unblinded_results/spread_stats_scrambled_data17_Ratio.pdf>
Package pdftex.def Info: figs/partially_unblinded_results/spread_stats_scramble
d_data17_Ratio.pdf  used on input line 269.
(pdftex.def)             Requested size: 206.22664pt x 154.66368pt.
<figs/partially_unblinded_results/spread_stats_scrambled_data18_Ratio.pdf, id=3
688, 802.99197pt x 602.22592pt>
File: figs/partially_unblinded_results/spread_stats_scrambled_data18_Ratio.pdf 
Graphic file (type pdf)
<use figs/partially_unblinded_results/spread_stats_scrambled_data18_Ratio.pdf>
Package pdftex.def Info: figs/partially_unblinded_results/spread_stats_scramble
d_data18_Ratio.pdf  used on input line 270.
(pdftex.def)             Requested size: 206.22664pt x 154.66368pt.
<figs/partially_unblinded_results/spread_stats_scrambled_full_Ratio.pdf, id=368
9, 802.99197pt x 602.22592pt>
File: figs/partially_unblinded_results/spread_stats_scrambled_full_Ratio.pdf Gr
aphic file (type pdf)
<use figs/partially_unblinded_results/spread_stats_scrambled_full_Ratio.pdf>
Package pdftex.def Info: figs/partially_unblinded_results/spread_stats_scramble
d_full_Ratio.pdf  used on input line 271.
(pdftex.def)             Requested size: 206.22664pt x 154.66368pt.
) (./sections/Sec_DataScrambling_4_10K_Results.tex

[49

 <./figs/partially_unblinded_results/spread_stats_scrambled_data15p16_Ratio.pdf
> <./figs/partially_unblinded_results/spread_stats_scrambled_data17_Ratio.pdf> 
<./figs/partially_unblinded_results/spread_stats_scrambled_data18_Ratio.pdf> <.
/figs/partially_unblinded_results/spread_stats_scrambled_full_Ratio.pdf>]
<figs/partially_unblinded_results/scrambled_10K/compare10K_results.pdf, id=3909
, 802.99197pt x 602.22592pt>
File: figs/partially_unblinded_results/scrambled_10K/compare10K_results.pdf Gra
phic file (type pdf)
<use figs/partially_unblinded_results/scrambled_10K/compare10K_results.pdf>
Package pdftex.def Info: figs/partially_unblinded_results/scrambled_10K/compare
10K_results.pdf  used on input line 79.
(pdftex.def)             Requested size: 206.22664pt x 154.66368pt.
<figs/partially_unblinded_results/periods/SigFit_summary_AllSamples_Combined_ll
_1hour.pdf, id=3911, 420.75192pt x 757.52573pt>
File: figs/partially_unblinded_results/periods/SigFit_summary_AllSamples_Combin
ed_ll_1hour.pdf Graphic file (type pdf)
<use figs/partially_unblinded_results/periods/SigFit_summary_AllSamples_Combine
d_ll_1hour.pdf>
Package pdftex.def Info: figs/partially_unblinded_results/periods/SigFit_summar
y_AllSamples_Combined_ll_1hour.pdf  used on input line 97.
(pdftex.def)             Requested size: 137.48676pt x 247.52222pt.
<figs/partially_unblinded_results/periods/SigFit_summary_AllSamples_Combined_ll
_24hour.pdf, id=3912, 420.75192pt x 757.52573pt>
File: figs/partially_unblinded_results/periods/SigFit_summary_AllSamples_Combin
ed_ll_24hour.pdf Graphic file (type pdf)
<use figs/partially_unblinded_results/periods/SigFit_summary_AllSamples_Combine
d_ll_24hour.pdf>
Package pdftex.def Info: figs/partially_unblinded_results/periods/SigFit_summar
y_AllSamples_Combined_ll_24hour.pdf  used on input line 98.
(pdftex.def)             Requested size: 137.48676pt x 247.52222pt.
<figs/partially_unblinded_results/periods/SigFit_summary_AllSamples_Combined_ll
_sidereal_10K.pdf, id=3913, 427.27629pt x 757.52573pt>
File: figs/partially_unblinded_results/periods/SigFit_summary_AllSamples_Combin
ed_ll_sidereal_10K.pdf Graphic file (type pdf)
<use figs/partially_unblinded_results/periods/SigFit_summary_AllSamples_Combine
d_ll_sidereal_10K.pdf>
Package pdftex.def Info: figs/partially_unblinded_results/periods/SigFit_summar
y_AllSamples_Combined_ll_sidereal_10K.pdf  used on input line 99.
(pdftex.def)             Requested size: 137.48676pt x 243.75401pt.
<figs/partially_unblinded_results/periods/SigFit_summary_AllSamples_Combined_ll
_6_87hour.pdf, id=3914, 420.75192pt x 757.52573pt>
File: figs/partially_unblinded_results/periods/SigFit_summary_AllSamples_Combin
ed_ll_6_87hour.pdf Graphic file (type pdf)
<use figs/partially_unblinded_results/periods/SigFit_summary_AllSamples_Combine
d_ll_6_87hour.pdf>
Package pdftex.def Info: figs/partially_unblinded_results/periods/SigFit_summar
y_AllSamples_Combined_ll_6_87hour.pdf  used on input line 100.
(pdftex.def)             Requested size: 137.48676pt x 247.52222pt.
<figs/partially_unblinded_results/periods/SigFit_summary_AllSamples_Combined_ll
_7hour.pdf, id=3915, 436.31004pt x 757.52573pt>
File: figs/partially_unblinded_results/periods/SigFit_summary_AllSamples_Combin
ed_ll_7hour.pdf Graphic file (type pdf)
<use figs/partially_unblinded_results/periods/SigFit_summary_AllSamples_Combine
d_ll_7hour.pdf>
Package pdftex.def Info: figs/partially_unblinded_results/periods/SigFit_summar
y_AllSamples_Combined_ll_7hour.pdf  used on input line 101.
(pdftex.def)             Requested size: 137.48676pt x 238.70277pt.
<figs/partially_unblinded_results/periods/SigFit_summary_AllSamples_Combined_ll
_7_13hour.pdf, id=3916, 436.31004pt x 757.52573pt>
File: figs/partially_unblinded_results/periods/SigFit_summary_AllSamples_Combin
ed_ll_7_13hour.pdf Graphic file (type pdf)
<use figs/partially_unblinded_results/periods/SigFit_summary_AllSamples_Combine
d_ll_7_13hour.pdf>
Package pdftex.def Info: figs/partially_unblinded_results/periods/SigFit_summar
y_AllSamples_Combined_ll_7_13hour.pdf  used on input line 102.
(pdftex.def)             Requested size: 137.48676pt x 238.70277pt.


[50 <./figs/partially_unblinded_results/scrambled_10K/compare10K_results.pdf>]
<figs/partially_unblinded_results/periods/spread_stats_scrambled_full_Ratio_1ho
ur.pdf, id=3986, 802.99197pt x 602.22592pt>
File: figs/partially_unblinded_results/periods/spread_stats_scrambled_full_Rati
o_1hour.pdf Graphic file (type pdf)
<use figs/partially_unblinded_results/periods/spread_stats_scrambled_full_Ratio
_1hour.pdf>
Package pdftex.def Info: figs/partially_unblinded_results/periods/spread_stats_
scrambled_full_Ratio_1hour.pdf  used on input line 119.
(pdftex.def)             Requested size: 137.48676pt x 103.11218pt.
<figs/partially_unblinded_results/periods/spread_stats_scrambled_full_Ratio_6_8
7hour.pdf, id=3987, 802.99197pt x 602.22592pt>
File: figs/partially_unblinded_results/periods/spread_stats_scrambled_full_Rati
o_6_87hour.pdf Graphic file (type pdf)
<use figs/partially_unblinded_results/periods/spread_stats_scrambled_full_Ratio
_6_87hour.pdf>
Package pdftex.def Info: figs/partially_unblinded_results/periods/spread_stats_
scrambled_full_Ratio_6_87hour.pdf  used on input line 120.
(pdftex.def)             Requested size: 137.48676pt x 103.11218pt.
<figs/partially_unblinded_results/periods/spread_stats_scrambled_full_Ratio_7ho
ur.pdf, id=3988, 802.99197pt x 602.22592pt>
File: figs/partially_unblinded_results/periods/spread_stats_scrambled_full_Rati
o_7hour.pdf Graphic file (type pdf)
<use figs/partially_unblinded_results/periods/spread_stats_scrambled_full_Ratio
_7hour.pdf>
Package pdftex.def Info: figs/partially_unblinded_results/periods/spread_stats_
scrambled_full_Ratio_7hour.pdf  used on input line 121.
(pdftex.def)             Requested size: 137.48676pt x 103.11218pt.
<figs/partially_unblinded_results/periods/spread_stats_scrambled_full_Ratio_7_1
3hour.pdf, id=3989, 802.99197pt x 602.22592pt>
File: figs/partially_unblinded_results/periods/spread_stats_scrambled_full_Rati
o_7_13hour.pdf Graphic file (type pdf)
<use figs/partially_unblinded_results/periods/spread_stats_scrambled_full_Ratio
_7_13hour.pdf>
Package pdftex.def Info: figs/partially_unblinded_results/periods/spread_stats_
scrambled_full_Ratio_7_13hour.pdf  used on input line 122.
(pdftex.def)             Requested size: 137.48676pt x 103.11218pt.
<figs/partially_unblinded_results/periods/spread_stats_scrambled_full_Ratio_24h
our.pdf, id=3990, 802.99197pt x 602.22592pt>
File: figs/partially_unblinded_results/periods/spread_stats_scrambled_full_Rati
o_24hour.pdf Graphic file (type pdf)
<use figs/partially_unblinded_results/periods/spread_stats_scrambled_full_Ratio
_24hour.pdf>
Package pdftex.def Info: figs/partially_unblinded_results/periods/spread_stats_
scrambled_full_Ratio_24hour.pdf  used on input line 123.
(pdftex.def)             Requested size: 137.48676pt x 103.11218pt.
<figs/partially_unblinded_results/periods/spread_stats_scrambled_full_Ratio_sid
ereal.pdf, id=3991, 802.99197pt x 602.22592pt>
File: figs/partially_unblinded_results/periods/spread_stats_scrambled_full_Rati
o_sidereal.pdf Graphic file (type pdf)
<use figs/partially_unblinded_results/periods/spread_stats_scrambled_full_Ratio
_sidereal.pdf>
Package pdftex.def Info: figs/partially_unblinded_results/periods/spread_stats_
scrambled_full_Ratio_sidereal.pdf  used on input line 124.
(pdftex.def)             Requested size: 137.48676pt x 103.11218pt.
)

[51]

[52 <./figs/partially_unblinded_results/periods/SigFit_summary_AllSamples_Combi
ned_ll_1hour.pdf> <./figs/partially_unblinded_results/periods/SigFit_summary_Al
lSamples_Combined_ll_24hour.pdf> <./figs/partially_unblinded_results/periods/Si
gFit_summary_AllSamples_Combined_ll_sidereal_10K.pdf> <./figs/partially_unblind
ed_results/periods/SigFit_summary_AllSamples_Combined_ll_6_87hour.pdf> <./figs/
partially_unblinded_results/periods/SigFit_summary_AllSamples_Combined_ll_7hour
.pdf> <./figs/partially_unblinded_results/periods/SigFit_summary_AllSamples_Com
bined_ll_7_13hour.pdf>]

[53 <./figs/partially_unblinded_results/periods/spread_stats_scrambled_full_Rat
io_1hour.pdf> <./figs/partially_unblinded_results/periods/spread_stats_scramble
d_full_Ratio_6_87hour.pdf> <./figs/partially_unblinded_results/periods/spread_s
tats_scrambled_full_Ratio_7hour.pdf> <./figs/partially_unblinded_results/period
s/spread_stats_scrambled_full_Ratio_7_13hour.pdf> <./figs/partially_unblinded_r
esults/periods/spread_stats_scrambled_full_Ratio_24hour.pdf> <./figs/partially_
unblinded_results/periods/spread_stats_scrambled_full_Ratio_sidereal.pdf>]
(./sections/Sec_Systematic_1_overview.tex
<figs/Zcount/YearlyFMC_ele.pdf, id=4702, 569.12625pt x 407.5225pt>
File: figs/Zcount/YearlyFMC_ele.pdf Graphic file (type pdf)
<use figs/Zcount/YearlyFMC_ele.pdf>
Package pdftex.def Info: figs/Zcount/YearlyFMC_ele.pdf  used on input line 36.
(pdftex.def)             Requested size: 274.97351pt x 196.90198pt.


[54

] (./sections/APP_FMC_Sys.tex
<figs/FMC_sys/compare_input_toy_datasets_mu_shifts.pdf, id=4710, 578.16pt x 289
.08pt>
File: figs/FMC_sys/compare_input_toy_datasets_mu_shifts.pdf Graphic file (type 
pdf)
<use figs/FMC_sys/compare_input_toy_datasets_mu_shifts.pdf>
Package pdftex.def Info: figs/FMC_sys/compare_input_toy_datasets_mu_shifts.pdf 
 used on input line 8.
(pdftex.def)             Requested size: 435.36891pt x 217.68283pt.
<figs/FMC_sys/SigFit_summary_AllSamples_muShift_p1.pdf, id=4711, 357.63611pt x 
748.19398pt>
File: figs/FMC_sys/SigFit_summary_AllSamples_muShift_p1.pdf Graphic file (type 
pdf)
<use figs/FMC_sys/SigFit_summary_AllSamples_muShift_p1.pdf>
Package pdftex.def Info: figs/FMC_sys/SigFit_summary_AllSamples_muShift_p1.pdf 
 used on input line 17.
(pdftex.def)             Requested size: 183.31102pt x 383.50327pt.
<figs/FMC_sys/SigFit_summary_AllSamples_muShift_m1.pdf, id=4712, 357.63611pt x 
748.19398pt>
File: figs/FMC_sys/SigFit_summary_AllSamples_muShift_m1.pdf Graphic file (type 
pdf)
<use figs/FMC_sys/SigFit_summary_AllSamples_muShift_m1.pdf>
Package pdftex.def Info: figs/FMC_sys/SigFit_summary_AllSamples_muShift_m1.pdf 
 used on input line 18.
(pdftex.def)             Requested size: 183.31102pt x 383.50327pt.
))
(./sections/Sec_Systematic_2_ResidualEffect.tex

[55 <./figs/Zcount/YearlyFMC_ele.pdf, page is rotated 90 degrees> <./figs/FMC_s
ys/compare_input_toy_datasets_mu_shifts.pdf>]

[56 <./figs/FMC_sys/SigFit_summary_AllSamples_muShift_p1.pdf> <./figs/FMC_sys/S
igFit_summary_AllSamples_muShift_m1.pdf>])
(./sections/Sec_Systematic_3_StatAndResult.tex

[57]
<figs/partially_unblinded_results/profile_chi2_shape_sys_du_XZ.pdf, id=4943, 43
3.62pt x 433.62pt>
File: figs/partially_unblinded_results/profile_chi2_shape_sys_du_XZ.pdf Graphic
 file (type pdf)
<use figs/partially_unblinded_results/profile_chi2_shape_sys_du_XZ.pdf>
Package pdftex.def Info: figs/partially_unblinded_results/profile_chi2_shape_sy
s_du_XZ.pdf  used on input line 30.
(pdftex.def)             Requested size: 206.22664pt x 206.22968pt.
<figs/partially_unblinded_results/profile_chi2_shape_sys_du_XZ_sig0009.pdf, id=
4944, 433.62pt x 433.62pt>
File: figs/partially_unblinded_results/profile_chi2_shape_sys_du_XZ_sig0009.pdf
 Graphic file (type pdf)
<use figs/partially_unblinded_results/profile_chi2_shape_sys_du_XZ_sig0009.pdf>

Package pdftex.def Info: figs/partially_unblinded_results/profile_chi2_shape_sy
s_du_XZ_sig0009.pdf  used on input line 31.
(pdftex.def)             Requested size: 206.22664pt x 206.22968pt.
<figs/partially_unblinded_results/profile_chi2_toy_du_XZ_postfit_sig0009.pdf, i
d=4945, 722.7pt x 289.08pt>
File: figs/partially_unblinded_results/profile_chi2_toy_du_XZ_postfit_sig0009.p
df Graphic file (type pdf)
<use figs/partially_unblinded_results/profile_chi2_toy_du_XZ_postfit_sig0009.pd
f>
Package pdftex.def Info: figs/partially_unblinded_results/profile_chi2_toy_du_X
Z_postfit_sig0009.pdf  used on input line 45.
(pdftex.def)             Requested size: 412.4533pt x 164.98021pt.
) (./sections/Scan_priods_WithSystematics_SMEfits.tex

[58 <./figs/partially_unblinded_results/profile_chi2_shape_sys_du_XZ.pdf> <./fi
gs/partially_unblinded_results/profile_chi2_shape_sys_du_XZ_sig0009.pdf>]
<figs/partially_unblinded_results/scan_periods/scan_significance_toys.pdf, id=5
054, 802.99197pt x 602.22592pt>
File: figs/partially_unblinded_results/scan_periods/scan_significance_toys.pdf 
Graphic file (type pdf)
<use figs/partially_unblinded_results/scan_periods/scan_significance_toys.pdf>
Package pdftex.def Info: figs/partially_unblinded_results/scan_periods/scan_sig
nificance_toys.pdf  used on input line 29.
(pdftex.def)             Requested size: 206.22664pt x 154.66368pt.
<figs/partially_unblinded_results/scan_periods/scan_significance_toys_with_Sys.
pdf, id=5055, 802.99197pt x 602.22592pt>
File: figs/partially_unblinded_results/scan_periods/scan_significance_toys_with
_Sys.pdf Graphic file (type pdf)
<use figs/partially_unblinded_results/scan_periods/scan_significance_toys_with_
Sys.pdf>
Package pdftex.def Info: figs/partially_unblinded_results/scan_periods/scan_sig
nificance_toys_with_Sys.pdf  used on input line 30.
(pdftex.def)             Requested size: 206.22664pt x 154.66368pt.
<figs/partially_unblinded_results/scan_periods/scan_significance_toys_Ratio_of_
Fits.pdf, id=5056, 802.99197pt x 602.22592pt>
File: figs/partially_unblinded_results/scan_periods/scan_significance_toys_Rati
o_of_Fits.pdf Graphic file (type pdf)
<use figs/partially_unblinded_results/scan_periods/scan_significance_toys_Ratio
_of_Fits.pdf>
Package pdftex.def Info: figs/partially_unblinded_results/scan_periods/scan_sig
nificance_toys_Ratio_of_Fits.pdf  used on input line 31.
(pdftex.def)             Requested size: 206.22664pt x 154.66368pt.
<figs/partially_unblinded_results/scan_periods/scan_significance_toys_impact_of
_Sys.pdf, id=5057, 802.99197pt x 602.22592pt>
File: figs/partially_unblinded_results/scan_periods/scan_significance_toys_impa
ct_of_Sys.pdf Graphic file (type pdf)
<use figs/partially_unblinded_results/scan_periods/scan_significance_toys_impac
t_of_Sys.pdf>
Package pdftex.def Info: figs/partially_unblinded_results/scan_periods/scan_sig
nificance_toys_impact_of_Sys.pdf  used on input line 32.
(pdftex.def)             Requested size: 206.22664pt x 154.66368pt.
)

[59 <./figs/partially_unblinded_results/profile_chi2_toy_du_XZ_postfit_sig0009.
pdf>]

[60 <./figs/partially_unblinded_results/scan_periods/scan_significance_toys.pdf
> <./figs/partially_unblinded_results/scan_periods/scan_significance_toys_with_
Sys.pdf> <./figs/partially_unblinded_results/scan_periods/scan_significance_toy
s_Ratio_of_Fits.pdf> <./figs/partially_unblinded_results/scan_periods/scan_sign
ificance_toys_impact_of_Sys.pdf>] (./sections/Sec_scrambled_generic_limits.tex

LaTeX Warning: Citation 'Kostelecky:2009zp' on page 61 undefined on input line 
21.

LaTeX Font Info:    Font shape `OT1/minntx/b/n' will be
(Font)              scaled to size 12.0pt on input line 99.
LaTeX Font Info:    Font shape `OT1/minntx/b/n' will be
(Font)              scaled to size 8.8pt on input line 99.
LaTeX Font Info:    Font shape `OT1/minntx/b/n' will be
(Font)              scaled to size 6.6pt on input line 99.
LaTeX Font Info:    Font shape `OML/ntxmi/b/it' will be
(Font)              scaled to size 12.0pt on input line 99.
LaTeX Font Info:    Font shape `OML/ntxmi/b/it' will be
(Font)              scaled to size 8.8pt on input line 99.
LaTeX Font Info:    Font shape `OML/ntxmi/b/it' will be
(Font)              scaled to size 6.6pt on input line 99.
LaTeX Font Info:    Font shape `LMS/ntxsy/b/n' will be
(Font)              scaled to size 12.0pt on input line 99.
LaTeX Font Info:    Font shape `LMS/ntxsy/b/n' will be
(Font)              scaled to size 8.8pt on input line 99.
LaTeX Font Info:    Font shape `LMS/ntxsy/b/n' will be
(Font)              scaled to size 6.6pt on input line 99.
LaTeX Font Info:    Font shape `LMX/ntxexx/b/n' will be
(Font)              scaled to size 12.0pt on input line 99.
LaTeX Font Info:    Font shape `LMX/ntxexx/b/n' will be
(Font)              scaled to size 8.8pt on input line 99.
LaTeX Font Info:    Font shape `LMX/ntxexx/b/n' will be
(Font)              scaled to size 6.6pt on input line 99.
LaTeX Font Info:    Font shape `U/ntxmia/b/it' will be
(Font)              scaled to size 12.0pt on input line 99.
LaTeX Font Info:    Font shape `U/ntxmia/b/it' will be
(Font)              scaled to size 8.8pt on input line 99.
LaTeX Font Info:    Font shape `U/ntxmia/b/it' will be
(Font)              scaled to size 6.6pt on input line 99.
LaTeX Font Info:    Font shape `U/ntxsym/b/n' will be
(Font)              scaled to size 12.0pt on input line 99.
LaTeX Font Info:    Font shape `U/ntxsym/b/n' will be
(Font)              scaled to size 8.8pt on input line 99.
LaTeX Font Info:    Font shape `U/ntxsym/b/n' will be
(Font)              scaled to size 6.6pt on input line 99.
LaTeX Font Info:    Font shape `U/ntxsyc/b/n' will be
(Font)              scaled to size 12.0pt on input line 99.
LaTeX Font Info:    Font shape `U/ntxsyc/b/n' will be
(Font)              scaled to size 8.8pt on input line 99.
LaTeX Font Info:    Font shape `U/ntxsyc/b/n' will be
(Font)              scaled to size 6.6pt on input line 99.
LaTeX Font Info:    Font shape `U/ntxexa/b/n' will be
(Font)              scaled to size 12.0pt on input line 99.
LaTeX Font Info:    Font shape `U/ntxexa/b/n' will be
(Font)              scaled to size 8.8pt on input line 99.
LaTeX Font Info:    Font shape `U/ntxexa/b/n' will be
(Font)              scaled to size 6.6pt on input line 99.

Package hyperref Warning: Token not allowed in a PDF string (Unicode):
(hyperref)                removing `math shift' on input line 99.


Package hyperref Warning: Token not allowed in a PDF string (Unicode):
(hyperref)                removing `subscript' on input line 99.


Package hyperref Warning: Token not allowed in a PDF string (Unicode):
(hyperref)                removing `math shift' on input line 99.


Package hyperref Warning: Token not allowed in a PDF string (Unicode):
(hyperref)                removing `math shift' on input line 99.


Package hyperref Warning: Token not allowed in a PDF string (Unicode):
(hyperref)                removing `subscript' on input line 99.


Package hyperref Warning: Token not allowed in a PDF string (Unicode):
(hyperref)                removing `math shift' on input line 99.



[61

]
<figs/partially_unblinded_results/sig_config_6013_sidereal_combined_SciPy_gener
ic.pdf, id=5426, 700.22603pt x 538.38359pt>
File: figs/partially_unblinded_results/sig_config_6013_sidereal_combined_SciPy_
generic.pdf Graphic file (type pdf)
<use figs/partially_unblinded_results/sig_config_6013_sidereal_combined_SciPy_g
eneric.pdf>
Package pdftex.def Info: figs/partially_unblinded_results/sig_config_6013_sider
eal_combined_SciPy_generic.pdf  used on input line 127.
(pdftex.def)             Requested size: 343.71341pt x 264.27031pt.


[62 <./figs/partially_unblinded_results/sig_config_6013_sidereal_combined_SciPy
_generic.pdf>]

Package hyperref Warning: Token not allowed in a PDF string (Unicode):
(hyperref)                removing `math shift' on input line 187.


Package hyperref Warning: Token not allowed in a PDF string (Unicode):
(hyperref)                removing `superscript' on input line 187.


Package hyperref Warning: Token not allowed in a PDF string (Unicode):
(hyperref)                removing `math shift' on input line 187.

<figs/partially_unblinded_results/direct_indirect_test_results.pdf, id=5488, 80
2.99197pt x 602.22592pt>
File: figs/partially_unblinded_results/direct_indirect_test_results.pdf Graphic
 file (type pdf)
<use figs/partially_unblinded_results/direct_indirect_test_results.pdf>
Package pdftex.def Info: figs/partially_unblinded_results/direct_indirect_test_
results.pdf  used on input line 290.
(pdftex.def)             Requested size: 343.71341pt x 257.77588pt.

LaTeX Warning: `!h' float specifier changed to `!ht'.



[63])

[64 <./figs/partially_unblinded_results/direct_indirect_test_results.pdf>]
(./sections/Sec_UnblindedStudy_1.tex)

[65

]

[66

]
LaTeX Font Info:    Trying to load font information for OT1+ntxtt on input line
 182.
 (/usr/local/texlive/2025/texmf-dist/tex/latex/newtx/ot1ntxtt.fd
File: ot1ntxtt.fd 2012/04/20 v3.1
)
LaTeX Font Info:    Font shape `OT1/ntxtt/m/n' will be
(Font)              scaled to size 10.95pt on input line 182.
Package microtype Info: Loading generic protrusion settings for font family
(microtype)             `ntxtt' (encoding: OT1).
(microtype)             For optimal results, create family-specific settings.
(microtype)             See the microtype manual for details.


[67

]

LaTeX Warning: Empty bibliography on input line 195.



[68

]
\ACTR@namewidth=\skip109
\ACTR@linewidth=\skip110


[69

]
LaTeX Font Info:    Font shape `OT1/ntxtlf/b/n' will be
(Font)              scaled to size 24.88pt on input line 214.
LaTeX Font Info:    Font shape `OT1/ntxtlf/b/n' will be
(Font)              scaled to size 17.28pt on input line 214.
LaTeX Font Info:    Font shape `OT1/ntxtlf/m/n' will be
(Font)              scaled to size 17.28pt on input line 214.
 (./sections/App_theory.tex
LaTeX Font Info:    Font shape `OT1/minntx/m/it' will be
(Font)              scaled to size 9.0pt on input line 14.
LaTeX Font Info:    Font shape `OT1/minntx/m/it' will be
(Font)              scaled to size 6.6pt on input line 14.


LaTeX Warning: Citation 'Colladay:2001wk' on page 70 undefined on input line 38
.

LaTeX Font Info:    Font shape `OT1/minntx/m/it' will be
(Font)              scaled to size 6.5pt on input line 43.

LaTeX Warning: Citation 'ck98' on page 70 undefined on input line 65.



[70

]

LaTeX Warning: Citation 'Colladay:1998fq' on page 71 undefined on input line 11
8.


LaTeX Warning: Citation 'Fittante:2012ua' on page 71 undefined on input line 11
8.


LaTeX Warning: Citation 'Colladay:2002eh' on page 71 undefined on input line 11
8.


LaTeX Warning: Citation 'Altschul:2019beo' on page 71 undefined on input line 1
61.


LaTeX Warning: Citation 'Kamand:2016xhv' on page 71 undefined on input line 170
.



[71]

LaTeX Warning: Citation 'Carle:2019ouy' on page 72 undefined on input line 201.



LaTeX Warning: Citation 'Satunin:2017wmk' on page 72 undefined on input line 20
9.


LaTeX Warning: Citation 'Altschul:2020wkw' on page 72 undefined on input line 2
23.


LaTeX Warning: Citation 'ls18' on page 72 undefined on input line 227.


LaTeX Warning: Citation 'lssv21' on page 72 undefined on input line 237.


LaTeX Warning: Citation 'ls18' on page 72 undefined on input line 250.


LaTeX Warning: Citation 'klsv19' on page 72 undefined on input line 250.


LaTeX Warning: Citation 'lssv21' on page 72 undefined on input line 256.


LaTeX Warning: Citation 'Karpikov:2016qvq' on page 72 undefined on input line 2
57.

)

[72] (./sections/APP_toys_signal_injected_scrambled.tex
<figs/scrambling/fit_results_d[u,X,Z]_101_residual_12func_SM.pdf, id=5627, 569.
12625pt x 552.0625pt>
File: figs/scrambling/fit_results_d[u,X,Z]_101_residual_12func_SM.pdf Graphic f
ile (type pdf)
<use figs/scrambling/fit_results_d[u,X,Z]_101_residual_12func_SM.pdf>
Package pdftex.def Info: figs/scrambling/fit_results_d[u,X,Z]_101_residual_12fu
nc_SM.pdf  used on input line 19.
(pdftex.def)             Requested size: 206.22664pt x 200.04802pt.
<figs/scrambling/fit_results_d[u,X,Z]_101_residual_12func_SM_scrampled.pdf, id=
5628, 569.12625pt x 552.0625pt>
File: figs/scrambling/fit_results_d[u,X,Z]_101_residual_12func_SM_scrampled.pdf
 Graphic file (type pdf)
<use figs/scrambling/fit_results_d[u,X,Z]_101_residual_12func_SM_scrampled.pdf>

Package pdftex.def Info: figs/scrambling/fit_results_d[u,X,Z]_101_residual_12fu
nc_SM_scrampled.pdf  used on input line 20.
(pdftex.def)             Requested size: 206.22664pt x 200.04802pt.
<figs/scrambling/SigFit_summary_AllSamples_SM.pdf, id=5630, 357.63611pt x 748.1
9398pt>
File: figs/scrambling/SigFit_summary_AllSamples_SM.pdf Graphic file (type pdf)
<use figs/scrambling/SigFit_summary_AllSamples_SM.pdf>
Package pdftex.def Info: figs/scrambling/SigFit_summary_AllSamples_SM.pdf  used
 on input line 42.
(pdftex.def)             Requested size: 206.22664pt x 431.44118pt.
<figs/scrambling/SigFit_summary_AllSamples_SM_scrambled.pdf, id=5631, 357.63611
pt x 748.19398pt>
File: figs/scrambling/SigFit_summary_AllSamples_SM_scrambled.pdf Graphic file (
type pdf)
<use figs/scrambling/SigFit_summary_AllSamples_SM_scrambled.pdf>
Package pdftex.def Info: figs/scrambling/SigFit_summary_AllSamples_SM_scrambled
.pdf  used on input line 43.
(pdftex.def)             Requested size: 206.22664pt x 431.44118pt.


[73

 <./figs/scrambling/fit_results_d[u,X,Z]_101_residual_12func_SM.pdf, page is ro
tated 90 degrees> <./figs/scrambling/fit_results_d[u,X,Z]_101_residual_12func_S
M_scrampled.pdf, page is rotated 90 degrees>]

[74 <./figs/scrambling/SigFit_summary_AllSamples_SM.pdf> <./figs/scrambling/Sig
Fit_summary_AllSamples_SM_scrambled.pdf>]
<figs/scrambling/fit_results_d[u,X,Z]_101_residual_12func_sigP0015.pdf, id=5831
, 569.12625pt x 552.0625pt>
File: figs/scrambling/fit_results_d[u,X,Z]_101_residual_12func_sigP0015.pdf Gra
phic file (type pdf)
<use figs/scrambling/fit_results_d[u,X,Z]_101_residual_12func_sigP0015.pdf>
Package pdftex.def Info: figs/scrambling/fit_results_d[u,X,Z]_101_residual_12fu
nc_sigP0015.pdf  used on input line 77.
(pdftex.def)             Requested size: 206.22664pt x 200.04802pt.
<figs/scrambling/fit_results_d[u,X,Z]_101_residual_12func_sigP003.pdf, id=5832,
 569.12625pt x 552.0625pt>
File: figs/scrambling/fit_results_d[u,X,Z]_101_residual_12func_sigP003.pdf Grap
hic file (type pdf)
<use figs/scrambling/fit_results_d[u,X,Z]_101_residual_12func_sigP003.pdf>
Package pdftex.def Info: figs/scrambling/fit_results_d[u,X,Z]_101_residual_12fu
nc_sigP003.pdf  used on input line 78.
(pdftex.def)             Requested size: 206.22664pt x 200.04802pt.
<figs/scrambling/SigFit_summary_AllSamples_sigP0015.pdf, id=5833, 374.19798pt x
 748.19398pt>
File: figs/scrambling/SigFit_summary_AllSamples_sigP0015.pdf Graphic file (type
 pdf)
<use figs/scrambling/SigFit_summary_AllSamples_sigP0015.pdf>
Package pdftex.def Info: figs/scrambling/SigFit_summary_AllSamples_sigP0015.pdf
  used on input line 91.
(pdftex.def)             Requested size: 206.22664pt x 412.34137pt.
<figs/scrambling/SigFit_summary_AllSamples_sigP003.pdf, id=5834, 362.65486pt x 
748.19398pt>
File: figs/scrambling/SigFit_summary_AllSamples_sigP003.pdf Graphic file (type 
pdf)
<use figs/scrambling/SigFit_summary_AllSamples_sigP003.pdf>
Package pdftex.def Info: figs/scrambling/SigFit_summary_AllSamples_sigP003.pdf 
 used on input line 92.
(pdftex.def)             Requested size: 201.64632pt x 416.0289pt.
<figs/scrambling/fit_results_d[u,X,Z]_5170_residual_12func_sigP003.pdf, id=5836
, 569.12625pt x 552.0625pt>
File: figs/scrambling/fit_results_d[u,X,Z]_5170_residual_12func_sigP003.pdf Gra
phic file (type pdf)
<use figs/scrambling/fit_results_d[u,X,Z]_5170_residual_12func_sigP003.pdf>
Package pdftex.def Info: figs/scrambling/fit_results_d[u,X,Z]_5170_residual_12f
unc_sigP003.pdf  used on input line 118.
(pdftex.def)             Requested size: 206.22664pt x 200.04802pt.
<figs/scrambling/fit_results_c[d,X,Z]_5170_residual_12func_sigP003_scrambled.pd
f, id=5837, 569.12625pt x 552.0625pt>
File: figs/scrambling/fit_results_c[d,X,Z]_5170_residual_12func_sigP003_scrambl
ed.pdf Graphic file (type pdf)
<use figs/scrambling/fit_results_c[d,X,Z]_5170_residual_12func_sigP003_scramble
d.pdf>
Package pdftex.def Info: figs/scrambling/fit_results_c[d,X,Z]_5170_residual_12f
unc_sigP003_scrambled.pdf  used on input line 119.
(pdftex.def)             Requested size: 206.22664pt x 200.04802pt.
)

[75 <./figs/scrambling/fit_results_d[u,X,Z]_101_residual_12func_sigP0015.pdf, p
age is rotated 90 degrees> <./figs/scrambling/fit_results_d[u,X,Z]_101_residual
_12func_sigP003.pdf, page is rotated 90 degrees>]

[76 <./figs/scrambling/SigFit_summary_AllSamples_sigP0015.pdf> <./figs/scrambli
ng/SigFit_summary_AllSamples_sigP003.pdf>]

[77 <./figs/scrambling/fit_results_d[u,X,Z]_5170_residual_12func_sigP003.pdf, p
age is rotated 90 degrees> <./figs/scrambling/fit_results_c[d,X,Z]_5170_residua
l_12func_sigP003_scrambled.pdf, page is rotated 90 degrees>]
(./sections/APP_scrambeling_method.tex
File: figs/scrambling/fit_results_d[u,X,Z]_101_residual_12func_SM.pdf Graphic f
ile (type pdf)
<use figs/scrambling/fit_results_d[u,X,Z]_101_residual_12func_SM.pdf>
Package pdftex.def Info: figs/scrambling/fit_results_d[u,X,Z]_101_residual_12fu
nc_SM.pdf  used on input line 8.
(pdftex.def)             Requested size: 206.22664pt x 200.04802pt.
File: figs/scrambling/fit_results_d[u,X,Z]_101_residual_12func_SM_scrampled.pdf
 Graphic file (type pdf)
<use figs/scrambling/fit_results_d[u,X,Z]_101_residual_12func_SM_scrampled.pdf>

Package pdftex.def Info: figs/scrambling/fit_results_d[u,X,Z]_101_residual_12fu
nc_SM_scrampled.pdf  used on input line 9.
(pdftex.def)             Requested size: 206.22664pt x 200.04802pt.
File: figs/scrambling/SigFit_summary_AllSamples_SM.pdf Graphic file (type pdf)
<use figs/scrambling/SigFit_summary_AllSamples_SM.pdf>
Package pdftex.def Info: figs/scrambling/SigFit_summary_AllSamples_SM.pdf  used
 on input line 18.
(pdftex.def)             Requested size: 206.22664pt x 431.44118pt.
File: figs/scrambling/SigFit_summary_AllSamples_SM_scrambled.pdf Graphic file (
type pdf)
<use figs/scrambling/SigFit_summary_AllSamples_SM_scrambled.pdf>
Package pdftex.def Info: figs/scrambling/SigFit_summary_AllSamples_SM_scrambled
.pdf  used on input line 19.
(pdftex.def)             Requested size: 206.22664pt x 431.44118pt.


LaTeX Warning: `h' float specifier changed to `ht'.

File: figs/scrambling/fit_results_d[u,X,Z]_101_residual_12func_sigP0015.pdf Gra
phic file (type pdf)
<use figs/scrambling/fit_results_d[u,X,Z]_101_residual_12func_sigP0015.pdf>
Package pdftex.def Info: figs/scrambling/fit_results_d[u,X,Z]_101_residual_12fu
nc_sigP0015.pdf  used on input line 31.
(pdftex.def)             Requested size: 206.22664pt x 200.04802pt.
File: figs/scrambling/fit_results_d[u,X,Z]_101_residual_12func_sigP003.pdf Grap
hic file (type pdf)
<use figs/scrambling/fit_results_d[u,X,Z]_101_residual_12func_sigP003.pdf>
Package pdftex.def Info: figs/scrambling/fit_results_d[u,X,Z]_101_residual_12fu
nc_sigP003.pdf  used on input line 32.
(pdftex.def)             Requested size: 206.22664pt x 200.04802pt.

LaTeX Warning: `h' float specifier changed to `ht'.

File: figs/scrambling/SigFit_summary_AllSamples_sigP0015.pdf Graphic file (type
 pdf)
<use figs/scrambling/SigFit_summary_AllSamples_sigP0015.pdf>
Package pdftex.def Info: figs/scrambling/SigFit_summary_AllSamples_sigP0015.pdf
  used on input line 42.
(pdftex.def)             Requested size: 206.22664pt x 412.34137pt.
File: figs/scrambling/SigFit_summary_AllSamples_sigP003.pdf Graphic file (type 
pdf)
<use figs/scrambling/SigFit_summary_AllSamples_sigP003.pdf>
Package pdftex.def Info: figs/scrambling/SigFit_summary_AllSamples_sigP003.pdf 
 used on input line 43.
(pdftex.def)             Requested size: 201.64632pt x 416.0289pt.

LaTeX Warning: `h' float specifier changed to `ht'.

File: figs/scrambling/fit_results_d[u,X,Z]_5170_residual_12func_sigP003.pdf Gra
phic file (type pdf)
<use figs/scrambling/fit_results_d[u,X,Z]_5170_residual_12func_sigP003.pdf>
Package pdftex.def Info: figs/scrambling/fit_results_d[u,X,Z]_5170_residual_12f
unc_sigP003.pdf  used on input line 55.
(pdftex.def)             Requested size: 206.22664pt x 200.04802pt.
File: figs/scrambling/fit_results_c[d,X,Z]_5170_residual_12func_sigP003_scrambl
ed.pdf Graphic file (type pdf)
<use figs/scrambling/fit_results_c[d,X,Z]_5170_residual_12func_sigP003_scramble
d.pdf>
Package pdftex.def Info: figs/scrambling/fit_results_c[d,X,Z]_5170_residual_12f
unc_sigP003_scrambled.pdf  used on input line 56.
(pdftex.def)             Requested size: 206.22664pt x 200.04802pt.

LaTeX Warning: `h' float specifier changed to `ht'.

)

[78

]

[79]

[80]

[81]

[82] (./sections/APP_year_by_year_toys.tex
<figs/year_by_year/2015p16/fit_results_d[u,X,Z]_101_residual_12func_SM.pdf, id=
6151, 569.12625pt x 552.0625pt>
File: figs/year_by_year/2015p16/fit_results_d[u,X,Z]_101_residual_12func_SM.pdf
 Graphic file (type pdf)
<use figs/year_by_year/2015p16/fit_results_d[u,X,Z]_101_residual_12func_SM.pdf>

Package pdftex.def Info: figs/year_by_year/2015p16/fit_results_d[u,X,Z]_101_res
idual_12func_SM.pdf  used on input line 9.
(pdftex.def)             Requested size: 206.22664pt x 200.04802pt.
<figs/year_by_year/2015p16/fit_results_d[u,X,Z]_101_residual_12func_sigP0015.pd
f, id=6152, 569.12625pt x 552.0625pt>
File: figs/year_by_year/2015p16/fit_results_d[u,X,Z]_101_residual_12func_sigP00
15.pdf Graphic file (type pdf)
<use figs/year_by_year/2015p16/fit_results_d[u,X,Z]_101_residual_12func_sigP001
5.pdf>
Package pdftex.def Info: figs/year_by_year/2015p16/fit_results_d[u,X,Z]_101_res
idual_12func_sigP0015.pdf  used on input line 10.
(pdftex.def)             Requested size: 206.22664pt x 200.04802pt.
<figs/year_by_year/2015p16/fit_results_d[u,X,Z]_101_residual_12func_sigP003.pdf
, id=6153, 569.12625pt x 552.0625pt>
File: figs/year_by_year/2015p16/fit_results_d[u,X,Z]_101_residual_12func_sigP00
3.pdf Graphic file (type pdf)
<use figs/year_by_year/2015p16/fit_results_d[u,X,Z]_101_residual_12func_sigP003
.pdf>
Package pdftex.def Info: figs/year_by_year/2015p16/fit_results_d[u,X,Z]_101_res
idual_12func_sigP003.pdf  used on input line 11.
(pdftex.def)             Requested size: 206.22664pt x 200.04802pt.
<figs/year_by_year/2015p16/SigFit_summary_AllSamples_SM.pdf, id=6154, 357.63611
pt x 748.19398pt>
File: figs/year_by_year/2015p16/SigFit_summary_AllSamples_SM.pdf Graphic file (
type pdf)
<use figs/year_by_year/2015p16/SigFit_summary_AllSamples_SM.pdf>
Package pdftex.def Info: figs/year_by_year/2015p16/SigFit_summary_AllSamples_SM
.pdf  used on input line 19.
(pdftex.def)             Requested size: 142.06708pt x 297.21732pt.
<figs/year_by_year/2015p16/SigFit_summary_AllSamples_sigP0015.pdf, id=6155, 369
.6811pt x 748.19398pt>
File: figs/year_by_year/2015p16/SigFit_summary_AllSamples_sigP0015.pdf Graphic 
file (type pdf)
<use figs/year_by_year/2015p16/SigFit_summary_AllSamples_sigP0015.pdf>
Package pdftex.def Info: figs/year_by_year/2015p16/SigFit_summary_AllSamples_si
gP0015.pdf  used on input line 20.
(pdftex.def)             Requested size: 146.6544pt x 296.81773pt.
<figs/year_by_year/2015p16/SigFit_summary_AllSamples_sigP003.pdf, id=6156, 362.
65486pt x 748.19398pt>
File: figs/year_by_year/2015p16/SigFit_summary_AllSamples_sigP003.pdf Graphic f
ile (type pdf)
<use figs/year_by_year/2015p16/SigFit_summary_AllSamples_sigP003.pdf>
Package pdftex.def Info: figs/year_by_year/2015p16/SigFit_summary_AllSamples_si
gP003.pdf  used on input line 21.
(pdftex.def)             Requested size: 146.6544pt x 302.57166pt.


LaTeX Warning: `h' float specifier changed to `ht'.

<figs/year_by_year/2017/fit_results_d[u,X,Z]_101_residual_12func_SM.pdf, id=615
7, 569.12625pt x 552.0625pt>
File: figs/year_by_year/2017/fit_results_d[u,X,Z]_101_residual_12func_SM.pdf Gr
aphic file (type pdf)
<use figs/year_by_year/2017/fit_results_d[u,X,Z]_101_residual_12func_SM.pdf>
Package pdftex.def Info: figs/year_by_year/2017/fit_results_d[u,X,Z]_101_residu
al_12func_SM.pdf  used on input line 34.
(pdftex.def)             Requested size: 206.22664pt x 200.04802pt.
<figs/year_by_year/2017/fit_results_d[u,X,Z]_101_residual_12func_sigP0015.pdf, 
id=6158, 569.12625pt x 552.0625pt>
File: figs/year_by_year/2017/fit_results_d[u,X,Z]_101_residual_12func_sigP0015.
pdf Graphic file (type pdf)
<use figs/year_by_year/2017/fit_results_d[u,X,Z]_101_residual_12func_sigP0015.p
df>
Package pdftex.def Info: figs/year_by_year/2017/fit_results_d[u,X,Z]_101_residu
al_12func_sigP0015.pdf  used on input line 35.
(pdftex.def)             Requested size: 206.22664pt x 200.04802pt.
<figs/year_by_year/2017/fit_results_d[u,X,Z]_101_residual_12func_sigP003.pdf, i
d=6159, 569.12625pt x 552.0625pt>
File: figs/year_by_year/2017/fit_results_d[u,X,Z]_101_residual_12func_sigP003.p
df Graphic file (type pdf)
<use figs/year_by_year/2017/fit_results_d[u,X,Z]_101_residual_12func_sigP003.pd
f>
Package pdftex.def Info: figs/year_by_year/2017/fit_results_d[u,X,Z]_101_residu
al_12func_sigP003.pdf  used on input line 36.
(pdftex.def)             Requested size: 206.22664pt x 200.04802pt.

LaTeX Warning: `h' float specifier changed to `ht'.

<figs/year_by_year/2017/SigFit_summary_AllSamples_SM.pdf, id=6160, 357.63611pt 
x 748.19398pt>
File: figs/year_by_year/2017/SigFit_summary_AllSamples_SM.pdf Graphic file (typ
e pdf)
<use figs/year_by_year/2017/SigFit_summary_AllSamples_SM.pdf>
Package pdftex.def Info: figs/year_by_year/2017/SigFit_summary_AllSamples_SM.pd
f  used on input line 44.
(pdftex.def)             Requested size: 146.6544pt x 306.80717pt.
<figs/year_by_year/2017/SigFit_summary_AllSamples_sigP0015.pdf, id=6161, 362.65
486pt x 748.19398pt>
File: figs/year_by_year/2017/SigFit_summary_AllSamples_sigP0015.pdf Graphic fil
e (type pdf)
<use figs/year_by_year/2017/SigFit_summary_AllSamples_sigP0015.pdf>
Package pdftex.def Info: figs/year_by_year/2017/SigFit_summary_AllSamples_sigP0
015.pdf  used on input line 45.
(pdftex.def)             Requested size: 146.6544pt x 302.57166pt.
<figs/year_by_year/2017/SigFit_summary_AllSamples_sigP003.pdf, id=6162, 362.654
86pt x 748.19398pt>
File: figs/year_by_year/2017/SigFit_summary_AllSamples_sigP003.pdf Graphic file
 (type pdf)
<use figs/year_by_year/2017/SigFit_summary_AllSamples_sigP003.pdf>
Package pdftex.def Info: figs/year_by_year/2017/SigFit_summary_AllSamples_sigP0
03.pdf  used on input line 46.
(pdftex.def)             Requested size: 146.6544pt x 302.57166pt.

LaTeX Warning: `h' float specifier changed to `ht'.

<figs/year_by_year/2018/fit_results_d[u,X,Z]_101_residual_12func_SM.pdf, id=616
3, 569.12625pt x 552.0625pt>
File: figs/year_by_year/2018/fit_results_d[u,X,Z]_101_residual_12func_SM.pdf Gr
aphic file (type pdf)
<use figs/year_by_year/2018/fit_results_d[u,X,Z]_101_residual_12func_SM.pdf>
Package pdftex.def Info: figs/year_by_year/2018/fit_results_d[u,X,Z]_101_residu
al_12func_SM.pdf  used on input line 58.
(pdftex.def)             Requested size: 206.22664pt x 200.04802pt.
<figs/year_by_year/2018/fit_results_d[u,X,Z]_101_residual_12func_sigP0015.pdf, 
id=6164, 569.12625pt x 552.0625pt>
File: figs/year_by_year/2018/fit_results_d[u,X,Z]_101_residual_12func_sigP0015.
pdf Graphic file (type pdf)
<use figs/year_by_year/2018/fit_results_d[u,X,Z]_101_residual_12func_sigP0015.p
df>
Package pdftex.def Info: figs/year_by_year/2018/fit_results_d[u,X,Z]_101_residu
al_12func_sigP0015.pdf  used on input line 59.
(pdftex.def)             Requested size: 206.22664pt x 200.04802pt.
<figs/year_by_year/2018/fit_results_d[u,X,Z]_101_residual_12func_sigP003.pdf, i
d=6165, 569.12625pt x 552.0625pt>
File: figs/year_by_year/2018/fit_results_d[u,X,Z]_101_residual_12func_sigP003.p
df Graphic file (type pdf)
<use figs/year_by_year/2018/fit_results_d[u,X,Z]_101_residual_12func_sigP003.pd
f>
Package pdftex.def Info: figs/year_by_year/2018/fit_results_d[u,X,Z]_101_residu
al_12func_sigP003.pdf  used on input line 60.
(pdftex.def)             Requested size: 206.22664pt x 200.04802pt.

LaTeX Warning: `h' float specifier changed to `ht'.

<figs/year_by_year/2018/SigFit_summary_AllSamples_SM.pdf, id=6166, 357.63611pt 
x 748.19398pt>
File: figs/year_by_year/2018/SigFit_summary_AllSamples_SM.pdf Graphic file (typ
e pdf)
<use figs/year_by_year/2018/SigFit_summary_AllSamples_SM.pdf>
Package pdftex.def Info: figs/year_by_year/2018/SigFit_summary_AllSamples_SM.pd
f  used on input line 68.
(pdftex.def)             Requested size: 146.6544pt x 306.80717pt.
<figs/year_by_year/2018/SigFit_summary_AllSamples_sigP0015.pdf, id=6167, 362.65
486pt x 748.19398pt>
File: figs/year_by_year/2018/SigFit_summary_AllSamples_sigP0015.pdf Graphic fil
e (type pdf)
<use figs/year_by_year/2018/SigFit_summary_AllSamples_sigP0015.pdf>
Package pdftex.def Info: figs/year_by_year/2018/SigFit_summary_AllSamples_sigP0
015.pdf  used on input line 69.
(pdftex.def)             Requested size: 146.6544pt x 302.57166pt.
<figs/year_by_year/2018/SigFit_summary_AllSamples_sigP003.pdf, id=6168, 362.654
86pt x 748.19398pt>
File: figs/year_by_year/2018/SigFit_summary_AllSamples_sigP003.pdf Graphic file
 (type pdf)
<use figs/year_by_year/2018/SigFit_summary_AllSamples_sigP003.pdf>
Package pdftex.def Info: figs/year_by_year/2018/SigFit_summary_AllSamples_sigP0
03.pdf  used on input line 70.
(pdftex.def)             Requested size: 146.6544pt x 302.57166pt.

LaTeX Warning: `h' float specifier changed to `ht'.

)

[83

 <./figs/year_by_year/2015p16/fit_results_d[u,X,Z]_101_residual_12func_SM.pdf, 
page is rotated 90 degrees> <./figs/year_by_year/2015p16/fit_results_d[u,X,Z]_1
01_residual_12func_sigP0015.pdf, page is rotated 90 degrees> <./figs/year_by_ye
ar/2015p16/fit_results_d[u,X,Z]_101_residual_12func_sigP003.pdf, page is rotate
d 90 degrees>]

[84 <./figs/year_by_year/2015p16/SigFit_summary_AllSamples_SM.pdf> <./figs/year
_by_year/2015p16/SigFit_summary_AllSamples_sigP0015.pdf> <./figs/year_by_year/2
015p16/SigFit_summary_AllSamples_sigP003.pdf>]

[85 <./figs/year_by_year/2017/fit_results_d[u,X,Z]_101_residual_12func_SM.pdf, 
page is rotated 90 degrees> <./figs/year_by_year/2017/fit_results_d[u,X,Z]_101_
residual_12func_sigP0015.pdf, page is rotated 90 degrees> <./figs/year_by_year/
2017/fit_results_d[u,X,Z]_101_residual_12func_sigP003.pdf, page is rotated 90 d
egrees>]

[86 <./figs/year_by_year/2017/SigFit_summary_AllSamples_SM.pdf> <./figs/year_by
_year/2017/SigFit_summary_AllSamples_sigP0015.pdf> <./figs/year_by_year/2017/Si
gFit_summary_AllSamples_sigP003.pdf>]

[87 <./figs/year_by_year/2018/fit_results_d[u,X,Z]_101_residual_12func_SM.pdf, 
page is rotated 90 degrees> <./figs/year_by_year/2018/fit_results_d[u,X,Z]_101_
residual_12func_sigP0015.pdf, page is rotated 90 degrees> <./figs/year_by_year/
2018/fit_results_d[u,X,Z]_101_residual_12func_sigP003.pdf, page is rotated 90 d
egrees>]

[88 <./figs/year_by_year/2018/SigFit_summary_AllSamples_SM.pdf> <./figs/year_by
_year/2018/SigFit_summary_AllSamples_sigP0015.pdf> <./figs/year_by_year/2018/Si
gFit_summary_AllSamples_sigP003.pdf>]
(./sections/APP_year_by_year_simultaneous_fit.tex
<figs/simultaneous_fits/SimultaneousFit_plots_years_SM.pdf, id=7018, 1011.78pt 
x 289.08pt>
File: figs/simultaneous_fits/SimultaneousFit_plots_years_SM.pdf Graphic file (t
ype pdf)
<use figs/simultaneous_fits/SimultaneousFit_plots_years_SM.pdf>
Package pdftex.def Info: figs/simultaneous_fits/SimultaneousFit_plots_years_SM.
pdf  used on input line 10.
(pdftex.def)             Requested size: 444.53656pt x 127.01031pt.
<figs/simultaneous_fits/SimultaneousFit_plots_years_sigP0015.pdf, id=7019, 1011
.78pt x 289.08pt>
File: figs/simultaneous_fits/SimultaneousFit_plots_years_sigP0015.pdf Graphic f
ile (type pdf)
<use figs/simultaneous_fits/SimultaneousFit_plots_years_sigP0015.pdf>
Package pdftex.def Info: figs/simultaneous_fits/SimultaneousFit_plots_years_sig
P0015.pdf  used on input line 11.
(pdftex.def)             Requested size: 444.53656pt x 127.01031pt.
<figs/simultaneous_fits/SimultaneousFit_plots_years_sigP003.pdf, id=7020, 1011.
78pt x 289.08pt>
File: figs/simultaneous_fits/SimultaneousFit_plots_years_sigP003.pdf Graphic fi
le (type pdf)
<use figs/simultaneous_fits/SimultaneousFit_plots_years_sigP003.pdf>
Package pdftex.def Info: figs/simultaneous_fits/SimultaneousFit_plots_years_sig
P003.pdf  used on input line 12.
(pdftex.def)             Requested size: 444.53656pt x 127.01031pt.
)

[89

 <./figs/simultaneous_fits/SimultaneousFit_plots_years_SM.pdf> <./figs/simultan
eous_fits/SimultaneousFit_plots_years_sigP0015.pdf> <./figs/simultaneous_fits/S
imultaneousFit_plots_years_sigP003.pdf>]

[90] (./sections/APP_partial_blinded_data.tex
File: figs/partially_unblinded_results/fit_results_residual_12func_ll_c[u,X,Y]_
toy10_data15p16.pdf Graphic file (type pdf)
<use figs/partially_unblinded_results/fit_results_residual_12func_ll_c[u,X,Y]_t
oy10_data15p16.pdf>
Package pdftex.def Info: figs/partially_unblinded_results/fit_results_residual_
12func_ll_c[u,X,Y]_toy10_data15p16.pdf  used on input line 20.
(pdftex.def)             Requested size: 206.22664pt x 200.04802pt.
File: figs/partially_unblinded_results/fit_results_residual_12func_ll_c[u,X,Y]_
toy10_data17.pdf Graphic file (type pdf)
<use figs/partially_unblinded_results/fit_results_residual_12func_ll_c[u,X,Y]_t
oy10_data17.pdf>
Package pdftex.def Info: figs/partially_unblinded_results/fit_results_residual_
12func_ll_c[u,X,Y]_toy10_data17.pdf  used on input line 21.
(pdftex.def)             Requested size: 206.22664pt x 200.04802pt.
File: figs/partially_unblinded_results/fit_results_residual_12func_ll_c[u,X,Y]_
toy10_data18.pdf Graphic file (type pdf)
<use figs/partially_unblinded_results/fit_results_residual_12func_ll_c[u,X,Y]_t
oy10_data18.pdf>
Package pdftex.def Info: figs/partially_unblinded_results/fit_results_residual_
12func_ll_c[u,X,Y]_toy10_data18.pdf  used on input line 22.
(pdftex.def)             Requested size: 206.22664pt x 200.04802pt.
File: figs/partially_unblinded_results/fit_results_residual_12func_ll_c[u,X,Y]_
toy10_full.pdf Graphic file (type pdf)
<use figs/partially_unblinded_results/fit_results_residual_12func_ll_c[u,X,Y]_t
oy10_full.pdf>
Package pdftex.def Info: figs/partially_unblinded_results/fit_results_residual_
12func_ll_c[u,X,Y]_toy10_full.pdf  used on input line 23.
(pdftex.def)             Requested size: 206.22664pt x 200.04802pt.
File: figs/partially_unblinded_results/fit_results_residual_12func_ll_c[u,X,Y]_
toy10_Combined.pdf Graphic file (type pdf)
<use figs/partially_unblinded_results/fit_results_residual_12func_ll_c[u,X,Y]_t
oy10_Combined.pdf>
Package pdftex.def Info: figs/partially_unblinded_results/fit_results_residual_
12func_ll_c[u,X,Y]_toy10_Combined.pdf  used on input line 30.
(pdftex.def)             Requested size: 274.97351pt x 266.73914pt.
File: figs/partially_unblinded_results/SigFit_summary_AllSamples_data15p16_ee.p
df Graphic file (type pdf)
<use figs/partially_unblinded_results/SigFit_summary_AllSamples_data15p16_ee.pd
f>
Package pdftex.def Info: figs/partially_unblinded_results/SigFit_summary_AllSam
ples_data15p16_ee.pdf  used on input line 41.
(pdftex.def)             Requested size: 137.48676pt x 239.99759pt.
File: figs/partially_unblinded_results/SigFit_summary_AllSamples_data15p16_uu.p
df Graphic file (type pdf)
<use figs/partially_unblinded_results/SigFit_summary_AllSamples_data15p16_uu.pd
f>
Package pdftex.def Info: figs/partially_unblinded_results/SigFit_summary_AllSam
ples_data15p16_uu.pdf  used on input line 42.
(pdftex.def)             Requested size: 137.48676pt x 247.69109pt.
File: figs/partially_unblinded_results/SigFit_summary_AllSamples_data15p16_ll.p
df Graphic file (type pdf)
<use figs/partially_unblinded_results/SigFit_summary_AllSamples_data15p16_ll.pd
f>
Package pdftex.def Info: figs/partially_unblinded_results/SigFit_summary_AllSam
ples_data15p16_ll.pdf  used on input line 43.
(pdftex.def)             Requested size: 137.48676pt x 247.69109pt.
File: figs/partially_unblinded_results/SigFit_summary_AllSamples_data17_ee.pdf 
Graphic file (type pdf)
<use figs/partially_unblinded_results/SigFit_summary_AllSamples_data17_ee.pdf>
Package pdftex.def Info: figs/partially_unblinded_results/SigFit_summary_AllSam
ples_data17_ee.pdf  used on input line 51.
(pdftex.def)             Requested size: 137.48676pt x 247.69109pt.
File: figs/partially_unblinded_results/SigFit_summary_AllSamples_data17_uu.pdf 
Graphic file (type pdf)
<use figs/partially_unblinded_results/SigFit_summary_AllSamples_data17_uu.pdf>
Package pdftex.def Info: figs/partially_unblinded_results/SigFit_summary_AllSam
ples_data17_uu.pdf  used on input line 52.
(pdftex.def)             Requested size: 137.48676pt x 239.99759pt.
File: figs/partially_unblinded_results/SigFit_summary_AllSamples_data17_ll.pdf 
Graphic file (type pdf)
<use figs/partially_unblinded_results/SigFit_summary_AllSamples_data17_ll.pdf>
Package pdftex.def Info: figs/partially_unblinded_results/SigFit_summary_AllSam
ples_data17_ll.pdf  used on input line 53.
(pdftex.def)             Requested size: 137.48676pt x 247.69109pt.
File: figs/partially_unblinded_results/SigFit_summary_AllSamples_data18_ee.pdf 
Graphic file (type pdf)
<use figs/partially_unblinded_results/SigFit_summary_AllSamples_data18_ee.pdf>
Package pdftex.def Info: figs/partially_unblinded_results/SigFit_summary_AllSam
ples_data18_ee.pdf  used on input line 60.
(pdftex.def)             Requested size: 137.48676pt x 243.07732pt.
File: figs/partially_unblinded_results/SigFit_summary_AllSamples_data18_uu.pdf 
Graphic file (type pdf)
<use figs/partially_unblinded_results/SigFit_summary_AllSamples_data18_uu.pdf>
Package pdftex.def Info: figs/partially_unblinded_results/SigFit_summary_AllSam
ples_data18_uu.pdf  used on input line 61.
(pdftex.def)             Requested size: 137.48676pt x 239.99759pt.
File: figs/partially_unblinded_results/SigFit_summary_AllSamples_data18_ll.pdf 
Graphic file (type pdf)
<use figs/partially_unblinded_results/SigFit_summary_AllSamples_data18_ll.pdf>
Package pdftex.def Info: figs/partially_unblinded_results/SigFit_summary_AllSam
ples_data18_ll.pdf  used on input line 62.
(pdftex.def)             Requested size: 137.48676pt x 239.99759pt.
File: figs/partially_unblinded_results/SigFit_summary_AllSamples_full_ee.pdf Gr
aphic file (type pdf)
<use figs/partially_unblinded_results/SigFit_summary_AllSamples_full_ee.pdf>
Package pdftex.def Info: figs/partially_unblinded_results/SigFit_summary_AllSam
ples_full_ee.pdf  used on input line 70.
(pdftex.def)             Requested size: 137.48676pt x 243.07732pt.
File: figs/partially_unblinded_results/SigFit_summary_AllSamples_full_uu.pdf Gr
aphic file (type pdf)
<use figs/partially_unblinded_results/SigFit_summary_AllSamples_full_uu.pdf>
Package pdftex.def Info: figs/partially_unblinded_results/SigFit_summary_AllSam
ples_full_uu.pdf  used on input line 71.
(pdftex.def)             Requested size: 137.48676pt x 251.27054pt.
File: figs/partially_unblinded_results/SigFit_summary_AllSamples_full_ll.pdf Gr
aphic file (type pdf)
<use figs/partially_unblinded_results/SigFit_summary_AllSamples_full_ll.pdf>
Package pdftex.def Info: figs/partially_unblinded_results/SigFit_summary_AllSam
ples_full_ll.pdf  used on input line 72.
(pdftex.def)             Requested size: 137.48676pt x 243.07732pt.
File: figs/partially_unblinded_results/SigFit_summary_AllSamples_Combined_ee.pd
f Graphic file (type pdf)
<use figs/partially_unblinded_results/SigFit_summary_AllSamples_Combined_ee.pdf
>
Package pdftex.def Info: figs/partially_unblinded_results/SigFit_summary_AllSam
ples_Combined_ee.pdf  used on input line 81.
(pdftex.def)             Requested size: 137.48676pt x 251.27054pt.
File: figs/partially_unblinded_results/SigFit_summary_AllSamples_Combined_uu.pd
f Graphic file (type pdf)
<use figs/partially_unblinded_results/SigFit_summary_AllSamples_Combined_uu.pdf
>
Package pdftex.def Info: figs/partially_unblinded_results/SigFit_summary_AllSam
ples_Combined_uu.pdf  used on input line 82.
(pdftex.def)             Requested size: 137.48676pt x 251.27054pt.
File: figs/partially_unblinded_results/SigFit_summary_AllSamples_Combined_ll.pd
f Graphic file (type pdf)
<use figs/partially_unblinded_results/SigFit_summary_AllSamples_Combined_ll.pdf
>
Package pdftex.def Info: figs/partially_unblinded_results/SigFit_summary_AllSam
ples_Combined_ll.pdf  used on input line 83.
(pdftex.def)             Requested size: 137.48676pt x 247.69109pt.


[91

]

[92]
File: figs/partially_unblinded_results/spread_stats_scrambled_data15p16_Ratio.p
df Graphic file (type pdf)
<use figs/partially_unblinded_results/spread_stats_scrambled_data15p16_Ratio.pd
f>
Package pdftex.def Info: figs/partially_unblinded_results/spread_stats_scramble
d_data15p16_Ratio.pdf  used on input line 232.
(pdftex.def)             Requested size: 206.22664pt x 154.66368pt.
File: figs/partially_unblinded_results/spread_stats_scrambled_data17_Ratio.pdf 
Graphic file (type pdf)
<use figs/partially_unblinded_results/spread_stats_scrambled_data17_Ratio.pdf>
Package pdftex.def Info: figs/partially_unblinded_results/spread_stats_scramble
d_data17_Ratio.pdf  used on input line 233.
(pdftex.def)             Requested size: 206.22664pt x 154.66368pt.
File: figs/partially_unblinded_results/spread_stats_scrambled_data18_Ratio.pdf 
Graphic file (type pdf)
<use figs/partially_unblinded_results/spread_stats_scrambled_data18_Ratio.pdf>
Package pdftex.def Info: figs/partially_unblinded_results/spread_stats_scramble
d_data18_Ratio.pdf  used on input line 234.
(pdftex.def)             Requested size: 206.22664pt x 154.66368pt.
File: figs/partially_unblinded_results/spread_stats_scrambled_full_Ratio.pdf Gr
aphic file (type pdf)
<use figs/partially_unblinded_results/spread_stats_scrambled_full_Ratio.pdf>
Package pdftex.def Info: figs/partially_unblinded_results/spread_stats_scramble
d_full_Ratio.pdf  used on input line 235.
(pdftex.def)             Requested size: 206.22664pt x 154.66368pt.
File: figs/partially_unblinded_results/profile_chi2_shape_sys_du_XZ.pdf Graphic
 file (type pdf)
<use figs/partially_unblinded_results/profile_chi2_shape_sys_du_XZ.pdf>
Package pdftex.def Info: figs/partially_unblinded_results/profile_chi2_shape_sy
s_du_XZ.pdf  used on input line 248.
(pdftex.def)             Requested size: 206.22664pt x 206.22968pt.
File: figs/partially_unblinded_results/profile_chi2_shape_sys_du_XZ_sig0009.pdf
 Graphic file (type pdf)
<use figs/partially_unblinded_results/profile_chi2_shape_sys_du_XZ_sig0009.pdf>

Package pdftex.def Info: figs/partially_unblinded_results/profile_chi2_shape_sy
s_du_XZ_sig0009.pdf  used on input line 249.
(pdftex.def)             Requested size: 206.22664pt x 206.22968pt.
File: figs/partially_unblinded_results/profile_chi2_toy_du_XZ_postfit_sig0009.p
df Graphic file (type pdf)
<use figs/partially_unblinded_results/profile_chi2_toy_du_XZ_postfit_sig0009.pd
f>
Package pdftex.def Info: figs/partially_unblinded_results/profile_chi2_toy_du_X
Z_postfit_sig0009.pdf  used on input line 259.
(pdftex.def)             Requested size: 412.4533pt x 164.98021pt.


[93]

[94]

[95]

[96]

[97]

[98]

[99]

[100]) (./sections/APP_scrambled_10K_results.tex

[101

]

[102]

[103]

[104]

[105]

[106]

LaTeX Warning: Float too large for page by 44.69171pt on input line 48.

<figs/partially_unblinded_results/scrambled_10K/Scrambled_10_batches.pdf, id=73
17, 1927.2pt x 1084.05pt>
File: figs/partially_unblinded_results/scrambled_10K/Scrambled_10_batches.pdf G
raphic file (type pdf)
<use figs/partially_unblinded_results/scrambled_10K/Scrambled_10_batches.pdf>
Package pdftex.def Info: figs/partially_unblinded_results/scrambled_10K/Scrambl
ed_10_batches.pdf  used on input line 53.
(pdftex.def)             Requested size: 206.22664pt x 115.98724pt.
)

[107 <./figs/partially_unblinded_results/scrambled_10K/Scrambled_10_batches.pdf
>]

[108] (./sections/APP_RooFit_VS_SciPy.tex
<figs/RooFit_SciPy/RooFit_SciPy_fit_results_2D_d[u,X,Z].pdf, id=7346, 802.99197
pt x 602.22592pt>
File: figs/RooFit_SciPy/RooFit_SciPy_fit_results_2D_d[u,X,Z].pdf Graphic file (
type pdf)
<use figs/RooFit_SciPy/RooFit_SciPy_fit_results_2D_d[u,X,Z].pdf>
Package pdftex.def Info: figs/RooFit_SciPy/RooFit_SciPy_fit_results_2D_d[u,X,Z]
.pdf  used on input line 10.
(pdftex.def)             Requested size: 206.22664pt x 154.66368pt.
<figs/RooFit_SciPy/RooFit_SciPy_absolute_diff_d[u,X,Z].pdf, id=7347, 802.99197p
t x 602.22592pt>
File: figs/RooFit_SciPy/RooFit_SciPy_absolute_diff_d[u,X,Z].pdf Graphic file (t
ype pdf)
<use figs/RooFit_SciPy/RooFit_SciPy_absolute_diff_d[u,X,Z].pdf>
Package pdftex.def Info: figs/RooFit_SciPy/RooFit_SciPy_absolute_diff_d[u,X,Z].
pdf  used on input line 11.
(pdftex.def)             Requested size: 206.22664pt x 154.66368pt.
<figs/RooFit_SciPy/RooFit_SciPy_fit_results_hist_d[u,X,Z].pdf, id=7348, 802.991
97pt x 602.22592pt>
File: figs/RooFit_SciPy/RooFit_SciPy_fit_results_hist_d[u,X,Z].pdf Graphic file
 (type pdf)
<use figs/RooFit_SciPy/RooFit_SciPy_fit_results_hist_d[u,X,Z].pdf>
Package pdftex.def Info: figs/RooFit_SciPy/RooFit_SciPy_fit_results_hist_d[u,X,
Z].pdf  used on input line 13.
(pdftex.def)             Requested size: 206.22664pt x 154.66368pt.
<figs/RooFit_SciPy/RooFit_SciPy_absolute_diff_significance_d[u,X,Z].pdf, id=734
9, 802.99197pt x 602.22592pt>
File: figs/RooFit_SciPy/RooFit_SciPy_absolute_diff_significance_d[u,X,Z].pdf Gr
aphic file (type pdf)
<use figs/RooFit_SciPy/RooFit_SciPy_absolute_diff_significance_d[u,X,Z].pdf>
Package pdftex.def Info: figs/RooFit_SciPy/RooFit_SciPy_absolute_diff_significa
nce_d[u,X,Z].pdf  used on input line 14.
(pdftex.def)             Requested size: 206.22664pt x 154.66368pt.
<figs/RooFit_SciPy/RooFit_SciPy_fit_results_2D_d[u,X,Z]_chi2.pdf, id=7350, 802.
99197pt x 602.22592pt>
File: figs/RooFit_SciPy/RooFit_SciPy_fit_results_2D_d[u,X,Z]_chi2.pdf Graphic f
ile (type pdf)
<use figs/RooFit_SciPy/RooFit_SciPy_fit_results_2D_d[u,X,Z]_chi2.pdf>
Package pdftex.def Info: figs/RooFit_SciPy/RooFit_SciPy_fit_results_2D_d[u,X,Z]
_chi2.pdf  used on input line 16.
(pdftex.def)             Requested size: 206.22664pt x 154.66368pt.
<figs/RooFit_SciPy/RooFit_SciPy_chi2_diff_d[u,X,Z].pdf, id=7351, 802.99197pt x 
602.22592pt>
File: figs/RooFit_SciPy/RooFit_SciPy_chi2_diff_d[u,X,Z].pdf Graphic file (type 
pdf)
<use figs/RooFit_SciPy/RooFit_SciPy_chi2_diff_d[u,X,Z].pdf>
Package pdftex.def Info: figs/RooFit_SciPy/RooFit_SciPy_chi2_diff_d[u,X,Z].pdf 
 used on input line 17.
(pdftex.def)             Requested size: 206.22664pt x 154.66368pt.
<figs/RooFit_SciPy/RooFit_SciPy_fit_results_hist_Sone_p1.pdf, id=7352, 802.9919
7pt x 602.22592pt>
File: figs/RooFit_SciPy/RooFit_SciPy_fit_results_hist_Sone_p1.pdf Graphic file 
(type pdf)
<use figs/RooFit_SciPy/RooFit_SciPy_fit_results_hist_Sone_p1.pdf>
Package pdftex.def Info: figs/RooFit_SciPy/RooFit_SciPy_fit_results_hist_Sone_p
1.pdf  used on input line 28.
(pdftex.def)             Requested size: 206.22664pt x 154.66368pt.
<figs/RooFit_SciPy/RooFit_SciPy_fit_results_hist_Sone_p2.pdf, id=7353, 802.9919
7pt x 602.22592pt>
File: figs/RooFit_SciPy/RooFit_SciPy_fit_results_hist_Sone_p2.pdf Graphic file 
(type pdf)
<use figs/RooFit_SciPy/RooFit_SciPy_fit_results_hist_Sone_p2.pdf>
Package pdftex.def Info: figs/RooFit_SciPy/RooFit_SciPy_fit_results_hist_Sone_p
2.pdf  used on input line 29.
(pdftex.def)             Requested size: 206.22664pt x 154.66368pt.
<figs/RooFit_SciPy/RooFit_SciPy_absolute_diff_Sone_p1.pdf, id=7354, 802.99197pt
 x 602.22592pt>
File: figs/RooFit_SciPy/RooFit_SciPy_absolute_diff_Sone_p1.pdf Graphic file (ty
pe pdf)
<use figs/RooFit_SciPy/RooFit_SciPy_absolute_diff_Sone_p1.pdf>
Package pdftex.def Info: figs/RooFit_SciPy/RooFit_SciPy_absolute_diff_Sone_p1.p
df  used on input line 31.
(pdftex.def)             Requested size: 206.22664pt x 154.66368pt.
<figs/RooFit_SciPy/RooFit_SciPy_absolute_diff_Sone_p2.pdf, id=7355, 802.99197pt
 x 602.22592pt>
File: figs/RooFit_SciPy/RooFit_SciPy_absolute_diff_Sone_p2.pdf Graphic file (ty
pe pdf)
<use figs/RooFit_SciPy/RooFit_SciPy_absolute_diff_Sone_p2.pdf>
Package pdftex.def Info: figs/RooFit_SciPy/RooFit_SciPy_absolute_diff_Sone_p2.p
df  used on input line 32.
(pdftex.def)             Requested size: 206.22664pt x 154.66368pt.
<figs/RooFit_SciPy/RooFit_SciPy_absolute_diff_significance_Sone_p1.pdf, id=7356
, 802.99197pt x 602.22592pt>
File: figs/RooFit_SciPy/RooFit_SciPy_absolute_diff_significance_Sone_p1.pdf Gra
phic file (type pdf)
<use figs/RooFit_SciPy/RooFit_SciPy_absolute_diff_significance_Sone_p1.pdf>
Package pdftex.def Info: figs/RooFit_SciPy/RooFit_SciPy_absolute_diff_significa
nce_Sone_p1.pdf  used on input line 34.
(pdftex.def)             Requested size: 206.22664pt x 154.66368pt.
<figs/RooFit_SciPy/RooFit_SciPy_absolute_diff_significance_Sone_p2.pdf, id=7357
, 802.99197pt x 602.22592pt>
File: figs/RooFit_SciPy/RooFit_SciPy_absolute_diff_significance_Sone_p2.pdf Gra
phic file (type pdf)
<use figs/RooFit_SciPy/RooFit_SciPy_absolute_diff_significance_Sone_p2.pdf>
Package pdftex.def Info: figs/RooFit_SciPy/RooFit_SciPy_absolute_diff_significa
nce_Sone_p2.pdf  used on input line 35.
(pdftex.def)             Requested size: 206.22664pt x 154.66368pt.
<figs/RooFit_SciPy/RooFit_SciPy_fit_results_2D_Sone_chi2.pdf, id=7358, 802.9919
7pt x 602.22592pt>
File: figs/RooFit_SciPy/RooFit_SciPy_fit_results_2D_Sone_chi2.pdf Graphic file 
(type pdf)
<use figs/RooFit_SciPy/RooFit_SciPy_fit_results_2D_Sone_chi2.pdf>
Package pdftex.def Info: figs/RooFit_SciPy/RooFit_SciPy_fit_results_2D_Sone_chi
2.pdf  used on input line 37.
(pdftex.def)             Requested size: 206.22664pt x 154.66368pt.
<figs/RooFit_SciPy/RooFit_SciPy_chi2_diff_Sone_chi2.pdf, id=7359, 802.99197pt x
 602.22592pt>
File: figs/RooFit_SciPy/RooFit_SciPy_chi2_diff_Sone_chi2.pdf Graphic file (type
 pdf)
<use figs/RooFit_SciPy/RooFit_SciPy_chi2_diff_Sone_chi2.pdf>
Package pdftex.def Info: figs/RooFit_SciPy/RooFit_SciPy_chi2_diff_Sone_chi2.pdf
  used on input line 38.
(pdftex.def)             Requested size: 206.22664pt x 154.66368pt.


LaTeX Warning: Float too large for page by 55.05444pt on input line 45.

)

[109

]

[110 <./figs/RooFit_SciPy/RooFit_SciPy_fit_results_2D_d[u,X,Z].pdf> <./figs/Roo
Fit_SciPy/RooFit_SciPy_absolute_diff_d[u,X,Z].pdf> <./figs/RooFit_SciPy/RooFit_
SciPy_fit_results_hist_d[u,X,Z].pdf> <./figs/RooFit_SciPy/RooFit_SciPy_absolute
_diff_significance_d[u,X,Z].pdf> <./figs/RooFit_SciPy/RooFit_SciPy_fit_results_
2D_d[u,X,Z]_chi2.pdf> <./figs/RooFit_SciPy/RooFit_SciPy_chi2_diff_d[u,X,Z].pdf>
]

[111 <./figs/RooFit_SciPy/RooFit_SciPy_fit_results_hist_Sone_p1.pdf> <./figs/Ro
oFit_SciPy/RooFit_SciPy_fit_results_hist_Sone_p2.pdf> <./figs/RooFit_SciPy/RooF
it_SciPy_absolute_diff_Sone_p1.pdf> <./figs/RooFit_SciPy/RooFit_SciPy_absolute_
diff_Sone_p2.pdf> <./figs/RooFit_SciPy/RooFit_SciPy_absolute_diff_significance_
Sone_p1.pdf> <./figs/RooFit_SciPy/RooFit_SciPy_absolute_diff_significance_Sone_
p2.pdf> <./figs/RooFit_SciPy/RooFit_SciPy_fit_results_2D_Sone_chi2.pdf> <./figs
/RooFit_SciPy/RooFit_SciPy_chi2_diff_Sone_chi2.pdf>]
(./ANA-EXOT-2021-37-INT1.aux)
 ***********
LaTeX2e <2024-11-01> patch level 2
L3 programming layer <2020/03/25>
 ***********


LaTeX Warning: There were undefined references.


LaTeX Warning: There were multiply-defined labels.


Package biblatex Warning: Please (re)run Biber on the file:
(biblatex)                ANA-EXOT-2021-37-INT1
(biblatex)                and rerun LaTeX afterwards.

Package logreq Info: Writing requests to 'ANA-EXOT-2021-37-INT1.run.xml'.
\openout1 = `ANA-EXOT-2021-37-INT1.run.xml'.

 ) 
Here is how much of TeX's memory you used:
 52710 strings out of 473190
 1135566 string characters out of 5715801
 2027136 words of memory out of 5000000
 74122 multiletter control sequences out of 15000+600000
 723671 words of font info for 678 fonts, out of 8000000 for 9000
 1141 hyphenation exceptions out of 8191
 122i,25n,155p,10962b,4811s stack positions out of 10000i,1000n,20000p,200000b,200000s
</usr/local/texlive/2025/texmf-dist/fonts/type1/public/newtx/NewTXBMI.pfb></u
sr/local/texlive/2025/texmf-dist/fonts/type1/public/newtx/NewTXBMI7.pfb></usr/l
ocal/texlive/2025/texmf-dist/fonts/type1/public/newtx/NewTXMI.pfb></usr/local/t
exlive/2025/texmf-dist/fonts/type1/public/newtx/NewTXMI5.pfb></usr/local/texliv
e/2025/texmf-dist/fonts/type1/public/newtx/NewTXMI7.pfb></usr/local/texlive/202
5/texmf-dist/fonts/type1/public/amsfonts/symbols/msam10.pfb></usr/local/texlive
/2025/texmf-dist/fonts/type1/public/amsfonts/symbols/msbm10.pfb></usr/local/tex
live/2025/texmf-dist/fonts/type1/public/tex-gyre/qhvb.pfb></usr/local/texlive/2
025/texmf-dist/fonts/type1/public/tex-gyre/qhvr.pfb></usr/local/texlive/2025/te
xmf-dist/fonts/type1/public/tex-gyre/qtmr.pfb></usr/local/texlive/2025/texmf-di
st/fonts/type1/public/newtx/txbexs.pfb></usr/local/texlive/2025/texmf-dist/font
s/type1/public/newtx/txbsys.pfb></usr/local/texlive/2025/texmf-dist/fonts/type1
/public/newtx/txexs.pfb></usr/local/texlive/2025/texmf-dist/fonts/type1/public/
newtx/txmiaX.pfb></usr/local/texlive/2025/texmf-dist/fonts/type1/public/newtx/t
xsys.pfb></usr/local/texlive/2025/texmf-dist/fonts/type1/public/txfonts/txtt.pf
b></usr/local/texlive/2025/texmf-dist/fonts/type1/public/newtx/ztmb.pfb></usr/l
ocal/texlive/2025/texmf-dist/fonts/type1/public/newtx/ztmr.pfb></usr/local/texl
ive/2025/texmf-dist/fonts/type1/public/newtx/ztmri.pfb>
Output written on ANA-EXOT-2021-37-INT1.pdf (111 pages, 5152131 bytes).
PDF statistics:
 8276 PDF objects out of 8907 (max. 8388607)
 3146 compressed objects within 32 object streams
 388 named destinations out of 1000 (max. 500000)
 147220 words of extra memory for PDF output out of 154059 (max. 10000000)

